fecha,Temperature,Growing Degree Days,Precipitation Total,Wind Gust,Cloud Cover High,Cloud Cover Medium,Cloud Cover Low,Sunshine Duration,Shortwave Radiation,Mean Sea Level Pressure
2024-04-18,5.801549634782608,0.0,0.1913043478260869,19.064347086956523,33.47826086956522,51.91304347826087,49.56521739130435,14.46847476521739,202.65217391304347,1018.7652173913044
2024-04-19,6.106495245833333,0.0,0.4875,35.2649994375,53.91666666666666,89.33333333333333,59.5,0.2272728041666666,59.29166666666666,1018.3583333333332
2024-04-20,6.27816195,0.0,0.2041666666666667,22.949999541666667,7.875,55.958333333333336,48.75,10.270321083333334,188.58333333333331,1021.0291666666668
2024-04-21,4.495245325,0.0,0.2458333333333333,20.8049995,18.45833333333333,49.375,44.75,12.959279983333332,195.54166666666663,1021.0375
2024-04-22,4.758578675,0.0,0.0041666666666666,30.224998916666667,24.5,62.833333333333336,48.875,11.147628925,203.08333333333331,1020.4291666666668
2024-04-23,5.380662079166666,0.0,0.0125,24.974999625,17.0,60.125,33.583333333333336,9.446647120833331,187.04166666666663,1017.1208333333334
2024-04-24,4.602328633333333,0.0,0.0833333333333333,25.64999966666667,3.875,54.04166666666666,29.08333333333333,13.822544575,190.29166666666663,1013.3166666666666
2024-04-25,6.116912016666666,0.0021366940625,0.0041666666666666,19.45499925,2.833333333333333,32.916666666666664,23.125,18.357071041666668,206.54166666666663,1009.9083333333332
2024-04-26,8.1348286375,0.0233198072041666,0.1458333333333333,20.2799995625,40.75,66.125,23.291666666666668,8.408108641666667,163.125,1007.6208333333334
2024-04-27,13.171495258333332,0.18655194625,0.0,19.739999666666662,40.0,48.708333333333336,23.20833333333333,12.157133958333333,269.8333333333333,1007.3208333333332
2024-04-28,11.730245062500002,0.07368992175,0.2125,18.704999541666663,84.625,90.20833333333331,17.0,2.32447397,128.54166666666666,1014.7333333333332
2024-04-29,13.601912020833334,0.1611009947916666,0.0625,15.209999570833332,55.958333333333336,43.958333333333336,27.625,16.416433083333335,206.70833333333331,1019.9708333333332
2024-04-30,16.253578708333333,0.2657901931291667,0.0,14.1599998125,29.875,14.75,0.0,28.912970291666667,290.0416666666667,1013.8041666666668
2024-05-01,17.794411937499998,0.3253917430708333,0.0041666666666666,15.809999729166668,69.66666666666667,13.625,0.3333333333333333,25.129503083333333,268.5833333333333,1003.325
2024-05-02,13.148995270833334,0.1312081380416666,0.5958333333333333,26.06999970833333,81.54166666666667,70.625,78.79166666666667,4.063580454166667,57.375,1003.65
2024-05-03,11.380661958333334,0.0677502953945833,0.0208333333333333,24.509999333333337,62.04166666666666,71.91666666666667,34.833333333333336,8.211931858333333,176.79166666666666,1015.6
2024-05-04,13.466078520833332,0.17639612375,0.0291666666666666,19.409999541666668,59.04166666666666,52.333333333333336,21.375,16.2745997625,226.625,1014.3208333333332
2024-05-05,16.106495374999998,0.25443730875,0.4125,28.049999625,62.208333333333336,61.16666666666666,52.875,15.625055954166667,181.66666666666663,1011.5708333333332
2024-05-06,13.389411875,0.1412254975,0.3041666666666666,20.9549995625,87.16666666666667,90.08333333333331,58.083333333333336,2.52858425,102.75,1011.1666666666666
2024-05-07,12.792745229166668,0.1163643867916666,0.2749999999999999,17.354999641666666,93.375,86.5,49.708333333333336,2.227314625,121.54166666666669,1016.8083333333334
2024-05-08,13.464828625,0.144367860875,0.0,26.80499970833333,14.75,35.291666666666664,44.16666666666666,17.65313576,198.875,1023.65
2024-05-09,14.256495208333334,0.18575376575,0.0,19.69499989583333,0.0,8.25,48.333333333333336,10.24331535,166.25,1023.6791666666668
2024-05-10,15.708161858333334,0.2636708533333333,0.0,16.484999541666667,12.083333333333334,0.125,0.5416666666666666,36.917769,312.3333333333333,1020.5625
2024-05-11,17.360245416666668,0.3175948954583333,0.0,14.414999375,17.291666666666668,7.625,0.0416666666666666,35.14543520833333,296.4166666666667,1018.4583333333334
2024-05-12,18.448578625,0.3520241017083333,0.0625,14.069999604166666,60.04166666666666,29.75,1.4166666666666667,27.0013608625,213.95833333333331,1015.5041666666666
2024-05-13,18.38899527083333,0.3495414670833333,0.0416666666666666,15.434999354166663,35.583333333333336,34.375,10.875,27.313327883333333,263.875,1012.4041666666668
2024-05-14,17.892745291666667,0.3288643904166666,0.125,19.6349993125,48.25,31.70833333333333,9.75,28.964716791666664,265.0833333333333,1006.3375
2024-05-15,14.775662020833332,0.19898592,0.6124999999999999,14.609999595833331,82.33333333333333,84.875,68.875,4.443658766666666,108.41666666666669,1006.6958333333332
2024-05-16,13.29274525,0.137197716875,0.6833333333333332,15.134999541666666,75.91666666666667,75.08333333333333,37.375,8.864197845833333,139.375,1006.7458333333334
2024-05-17,13.143995416666668,0.1320927042916666,0.4583333333333333,25.364999416666667,87.125,69.625,29.875,9.511798208333332,140.25,1009.7291666666666
2024-05-18,14.024411958333332,0.1877854430833333,0.0208333333333333,14.759999520833333,44.16666666666666,28.0,6.166666666666667,24.665016875000003,254.79166666666663,1012.375
2024-05-19,15.433995354166669,0.2265896535041666,0.0791666666666666,15.689999716666668,27.45833333333333,21.25,22.0,28.35428075,256.9583333333333,1012.2791666666668
2024-05-20,17.283578625,0.3049394949166666,0.0208333333333333,14.429999541666668,74.79166666666667,19.45833333333333,6.291666666666667,28.628871695833336,272.875,1009.2166666666668
2024-05-21,15.4031619375,0.2251317504166666,0.3,18.944999541666665,76.58333333333333,73.54166666666667,19.95833333333333,9.958613604166668,119.25,1008.9458333333332
2024-05-22,15.5435786875,0.2309824454166666,0.0208333333333333,24.284998958333333,26.45833333333333,32.583333333333336,33.041666666666664,23.298989666666667,216.04166666666663,1013.2083333333334
2024-05-23,13.5239953125,0.146833142175,0.1791666666666666,13.259999541666666,76.91666666666667,71.91666666666667,24.70833333333333,5.680807920833334,166.70833333333334,1017.3166666666666
2024-05-24,14.0256618125,0.1685167385833333,0.1583333333333333,12.419999875,48.958333333333336,47.458333333333336,25.291666666666668,17.477476733333333,244.04166666666663,1018.5916666666668
2024-05-25,14.853995458333332,0.2156851789958333,0.0,11.354999791666666,33.291666666666664,23.25,6.833333333333333,30.07634625,267.2916666666667,1018.0375
2024-05-26,16.477328645833335,0.2712589435416666,0.0208333333333333,15.134999854166669,66.83333333333333,40.625,4.041666666666667,22.722306458333332,227.58333333333331,1018.1
2024-05-27,16.723995249999998,0.2801664683333333,0.1125,15.479999625,50.875,63.0,15.708333333333334,14.879363562499998,197.625,1018.8791666666666
2024-05-28,16.113578604166666,0.2547324394166667,0.0,14.4449996875,19.541666666666668,25.95833333333333,16.875,27.341146958333336,258.75,1020.5958333333332
2024-05-29,14.545662,0.1894025807916667,0.4625000000000001,19.664999875,77.375,73.45833333333333,35.166666666666664,6.008915795833333,131.875,1015.2541666666666
2024-05-30,15.348162104166668,0.2228400904166666,0.6416666666666667,27.599999416666662,11.875,62.75,56.04166666666666,11.873456520833336,142.58333333333334,1008.2833333333332
2024-05-31,13.251495291666666,0.1354789699166666,0.5208333333333334,19.454999645833333,89.625,89.29166666666667,50.708333333333336,2.854131654166667,100.875,1012.1958333333332
2024-06-01,14.922328583333334,0.205097025,0.3,14.909999541666666,96.70833333333331,75.29166666666667,39.083333333333336,6.70824953,166.79166666666666,1016.975
2024-06-02,15.413995354166666,0.22558313875,0.9416666666666668,17.069999687499998,72.79166666666667,80.66666666666667,74.20833333333333,5.898737358333334,74.83333333333333,1018.7958333333332
2024-06-03,15.086495395833332,0.21193731,0.1708333333333333,19.019999720833333,27.0,41.875,92.79166666666669,0.8659090208333332,123.95833333333331,1018.5666666666666
2024-06-04,17.281911875000002,0.30341299625,0.0,11.6399996375,0.0833333333333333,25.45833333333333,59.458333333333336,14.310823291666663,188.41666666666663,1014.7958333333332
2024-06-05,18.90066195833333,0.37086091375,0.0,18.599999604166666,14.416666666666666,26.25,17.458333333333332,28.313074666666665,237.16666666666663,1014.4916666666668
2024-06-06,19.61107870833333,0.4004616129166666,0.0,16.394999583333334,60.375,28.75,22.25,26.194709291666666,241.125,1016.6166666666668
2024-06-07,20.63524525,0.4431352229166667,0.0041666666666666,15.359999729166669,31.95833333333333,6.208333333333333,10.291666666666666,34.083703041666666,277.2916666666667,1017.5416666666666
2024-06-08,19.05274533333333,0.37719772375,0.3333333333333333,14.549999729166666,80.625,58.958333333333336,21.416666666666668,12.5031145125,179.45833333333334,1013.1333333333332
2024-06-09,18.22732883333333,0.3428053679166666,0.2708333333333333,18.059999458333333,67.54166666666667,63.5,56.75,8.932849820833333,172.08333333333334,1008.675
2024-06-10,17.651495291666667,0.31881230125,0.0,25.1099996875,16.708333333333332,42.5,33.791666666666664,26.662218541666665,288.6666666666667,1009.9375
2024-06-11,13.876912,0.1615379956666666,0.0125,16.139999749999998,3.1666666666666665,63.16666666666666,33.208333333333336,13.8198798125,176.29166666666666,1016.3083333333334
2024-06-12,14.547328583333334,0.1942793467083333,0.0,17.189999379166668,1.2916666666666667,28.375,10.458333333333334,27.955738416666662,263.25,1018.1208333333334
2024-06-13,15.374411979166666,0.2245753398333333,0.0,13.019999729166663,27.625,34.291666666666664,9.416666666666666,23.74426133333333,263.1666666666667,1017.4166666666666
2024-06-14,16.451495354166667,0.2688123080833333,0.1458333333333333,25.6949995625,52.16666666666666,86.45833333333333,51.04166666666666,4.942389404166666,104.45833333333331,1012.3875
2024-06-15,16.468995291666666,0.2695414720833333,0.6375000000000001,33.05999914583333,31.70833333333333,56.29166666666666,26.625,21.748295275,218.5,1011.15
2024-06-16,17.562745333333336,0.3151143864583333,0.0,21.014999104166662,22.916666666666668,47.5,42.875,15.9614688,225.41666666666663,1011.9666666666668
2024-06-17,18.204828729166668,0.3418678637499999,0.1083333333333333,18.9599995,72.91666666666667,53.25,18.25,17.747138358333334,178.33333333333334,1014.925
2024-06-18,21.868578666666664,0.4945241091666666,0.0041666666666666,15.9299995,79.875,13.75,1.5,30.192142083333334,280.7916666666667,1013.2416666666668
2024-06-19,22.82649525,0.5344373041666667,0.2375,18.974999270833333,39.375,30.0,7.625,28.00430075,262.0,1014.6083333333332
2024-06-20,20.99774545833333,0.45823938625,0.5083333333333333,13.034999645833333,80.70833333333333,47.41666666666666,6.416666666666667,14.7943671,142.83333333333334,1017.4583333333334
2024-06-21,19.067328541666665,0.3778053537499999,0.4499999999999999,21.464999375,77.70833333333333,36.708333333333336,21.95833333333333,22.05523557083333,187.16666666666663,1015.4291666666668
2024-06-22,15.733162208333331,0.2388817566666666,0.2749999999999999,18.044999716666663,60.16666666666666,56.66666666666666,37.25,12.648435816666668,124.375,1017.225
2024-06-23,17.423578645833334,0.3093157775,0.0208333333333333,17.669999541666666,0.375,54.0,56.0,11.694233641666663,181.5,1018.4166666666666
2024-06-24,21.47732870833333,0.4782220279166667,0.0,24.749999666666668,0.0,16.041666666666668,12.416666666666666,29.879173625000004,235.95833333333331,1015.6333333333332
2024-06-25,22.462328875,0.5192637029166667,0.0083333333333333,18.1799995625,9.166666666666666,10.083333333333334,3.375,35.60697966666667,295.25,1011.6833333333334
2024-06-26,21.024828666666668,0.4593678595833333,0.1875,13.394999895833331,65.66666666666667,16.916666666666668,21.791666666666668,24.95112370833333,243.33333333333331,1011.2083333333334
2024-06-27,23.790662125,0.5746109104166667,0.025,19.049999625,42.0,21.416666666666668,12.583333333333334,33.82730658333333,271.3333333333333,1012.0541666666668
2024-06-28,24.185245291666664,0.5910518883333333,0.1083333333333333,20.9099994375,36.29166666666666,10.416666666666666,8.708333333333334,35.19316058333333,239.125,1016.0166666666668
2024-06-29,24.185661791666664,0.5909646483333334,0.4375,18.824999625,82.0,26.291666666666668,5.083333333333333,28.6042905,274.5833333333333,1010.9458333333332
2024-06-30,18.886495416666666,0.3702706358333333,0.1999999999999999,31.484999,60.958333333333336,84.91666666666667,48.16666666666666,2.7256948125,70.83333333333333,1012.6375
2024-07-01,18.25857883333333,0.3441074495833333,0.0416666666666666,18.749999375,27.875,48.41666666666666,20.791666666666668,19.118771166666665,227.5,1016.475
2024-07-02,16.116911958333333,0.254871335,0.2416666666666666,16.844999604166667,31.33333333333333,62.875,52.91666666666666,9.900449204166668,174.08333333333334,1017.25
2024-07-03,15.454412291666666,0.2272671683333333,0.2541666666666666,19.2449995625,38.583333333333336,71.41666666666667,47.083333333333336,10.1273359625,131.41666666666666,1013.1916666666666
2024-07-04,17.453162208333335,0.3105484220833333,0.0541666666666666,29.50499939583333,0.0,47.54166666666666,41.16666666666666,18.407997166666668,161.75,1013.2708333333334
2024-07-05,19.281078708333336,0.3867116091666667,0.0,14.219999583333331,87.29166666666667,2.125,8.125,28.28098479166667,287.5,1013.7458333333334
2024-07-06,17.86316175,0.32763174,0.5,24.419999291666667,72.29166666666667,58.833333333333336,16.0,10.4317546,131.70833333333334,1009.6041666666666
2024-07-07,17.121078625,0.2967116114583333,0.0,11.609999729166669,53.875,41.958333333333336,20.33333333333333,20.433610791666663,221.0,1015.5416666666666
2024-07-08,19.67024527083333,0.4029268877083333,0.0,12.32999975,23.20833333333333,1.2083333333333333,0.9166666666666666,35.68134454166667,315.5416666666667,1016.85
2024-07-09,24.45024522916667,0.58236876375,0.0,15.059999458333332,29.375,9.166666666666666,0.0416666666666666,35.14545845833333,317.2916666666667,1014.9375
2024-07-10,22.70774533333333,0.5294893879166667,0.5291666666666667,17.894999625,51.833333333333336,49.16666666666666,8.208333333333334,20.55463697083333,220.375,1017.5083333333332
2024-07-11,23.230245375,0.5512602158333334,0.3166666666666666,13.814999779166667,27.20833333333333,28.625,31.95833333333333,22.7651895625,239.41666666666663,1016.95
2024-07-12,20.65774516666667,0.4440727170833333,0.0416666666666666,24.674999125,74.45833333333333,24.791666666666668,19.20833333333333,24.677034125,182.41666666666663,1012.4083333333332
2024-07-13,18.6931620625,0.3622150779166666,0.0125,15.2849999375,21.25,32.791666666666664,20.0,23.442620833333333,218.125,1014.4625
2024-07-14,19.365245416666667,0.3902185574999999,0.0,10.9949995,41.91666666666666,31.791666666666668,2.75,23.203269841666668,292.0,1014.2916666666666
2024-07-15,21.922745354166665,0.4967810466666666,0.2041666666666667,15.929999854166669,63.875,21.83333333333333,6.875,28.3540131375,281.7916666666667,1012.1375
2024-07-16,20.58857875,0.4411907799999999,0.0,24.914999041666665,25.541666666666668,19.166666666666668,16.416666666666668,29.90087158333333,249.29166666666663,1016.625
2024-07-17,20.46524520833333,0.4360518791666667,0.0,14.054999833333332,13.958333333333334,30.25,22.45833333333333,22.490993166666662,246.58333333333331,1020.7458333333334
2024-07-18,21.857745416666663,0.4940727270833333,0.0,15.389999645833331,19.70833333333333,0.2083333333333333,0.7916666666666666,35.75044895833333,312.8333333333333,1020.1708333333332
2024-07-19,23.994828708333333,0.5776643300000001,0.0333333333333333,11.189999708333334,7.125,3.375,0.5416666666666666,37.17897025,299.9166666666667,1017.475
2024-07-20,24.63191175,0.6015527883333334,0.0,11.669999791666667,14.958333333333334,12.083333333333334,0.25,33.48904258333334,291.6666666666667,1010.5958333333332
2024-07-21,22.561495500000003,0.5233956416666666,0.1125,15.884999520833333,64.33333333333333,47.16666666666666,4.041666666666667,18.14949489583333,187.54166666666663,1010.55
2024-07-22,21.55607858333333,0.4815032775,0.0416666666666666,16.754999354166667,9.0,24.125,25.95833333333333,23.8006106125,186.33333333333331,1018.3958333333334
2024-07-23,20.76357870833333,0.4484824433333333,0.0208333333333333,20.204999333333333,6.916666666666667,31.83333333333333,41.79166666666666,13.3238984375,197.70833333333331,1020.5666666666666
2024-07-24,20.04024529166667,0.4183435566666666,0.0,14.864999666666668,43.04166666666666,20.291666666666668,60.66666666666666,12.426922275,218.54166666666663,1020.0291666666668
2024-07-25,20.4902453125,0.43709355125,0.0,12.599999833333332,57.375,3.5416666666666665,12.25,27.90753858333333,296.375,1014.8708333333334
2024-07-26,22.228995291666667,0.5095414704166666,0.0,11.624999454166668,30.541666666666668,14.875,2.4166666666666665,33.754026054166665,279.1666666666667,1012.8083333333334
2024-07-27,22.800245375,0.5333435570833334,0.1125,16.04999954166667,66.25,52.29166666666666,7.833333333333333,18.36976695,239.95833333333331,1014.6791666666668
2024-07-28,20.504828791666665,0.4377011895833333,0.0958333333333333,20.8649995,1.7916666666666667,28.58333333333333,32.041666666666664,22.1061866875,226.0,1023.3
2024-07-29,22.13732870833333,0.5057220266666667,0.0,15.014999416666669,0.125,0.0,0.75,37.665789708333335,310.2083333333333,1020.975
2024-07-30,24.96024570833333,0.5918301391666667,0.0,12.3599995625,23.375,10.5,0.0,32.46181958333333,297.0416666666667,1016.4291666666668
2024-07-31,24.721911875,0.6089842025,0.0083333333333333,11.4299995,50.29166666666666,8.666666666666666,6.791666666666667,30.16437495833333,253.08333333333331,1014.05
2024-08-01,22.6923285,0.5288470175000001,0.3041666666666666,20.159999375,73.95833333333333,34.5,27.875,22.920313929166667,183.95833333333331,1012.85
2024-08-02,22.473161708333333,0.51971506875,0.1708333333333333,15.464999625,27.25,19.916666666666668,5.708333333333333,31.3293767,251.91666666666663,1012.7166666666668
2024-08-03,21.9010785,0.4958782729166666,0.0,16.664999541666667,20.25,25.375,9.791666666666666,27.75391385,249.70833333333331,1013.9041666666668
2024-08-04,21.122745166666665,0.4634477108333333,0.0041666666666666,15.2999994375,73.54166666666667,38.29166666666666,37.208333333333336,14.271570004166668,193.66666666666663,1016.2666666666668
2024-08-05,21.831495166666667,0.4929789570833333,0.0,12.314999704166668,34.25,1.1666666666666667,10.583333333333334,31.89974725,278.375,1015.0458333333332
2024-08-06,23.34899525,0.5553561637500001,0.0,10.919999925,7.833333333333333,1.6666666666666667,0.5833333333333334,36.04770645833333,291.6666666666667,1012.275
2024-08-07,21.903578791666664,0.4959824454166666,0.1208333333333333,13.2299996875,43.708333333333336,25.95833333333333,5.0,22.9656145,171.91666666666666,1013.775
2024-08-08,21.86524525,0.4943852208333333,0.0041666666666666,12.689999583333334,29.791666666666668,20.375,19.541666666666668,26.506859791666667,239.33333333333331,1017.4
2024-08-09,22.0739949375,0.5030831325,0.0,15.224999529166666,27.0,3.75,3.7083333333333335,31.23812095833333,272.625,1019.0875
2024-08-10,23.873995375000003,0.5764672733333334,0.0,12.134999925,3.0,0.4166666666666667,4.291666666666667,34.92951725,276.3333333333333,1021.15
2024-08-11,24.98649525,0.6054243195833333,0.0,15.524999645833333,40.083333333333336,0.9583333333333334,0.0,31.2049495,282.0416666666667,1018.3875
2024-08-12,27.0560795,0.66840915375,0.0291666666666666,13.214999854166663,71.04166666666667,14.458333333333334,0.0,28.69979945833333,254.79166666666663,1013.2916666666666
2024-08-13,25.870245666666666,0.63459056375,0.0,12.314999583333332,29.041666666666668,4.166666666666667,0.0,34.146138625,276.0,1010.5666666666666
2024-08-14,23.705245416666667,0.5710518858333333,0.0416666666666666,18.20999945833333,59.458333333333336,17.625,13.125,25.84666383333333,232.41666666666663,1013.4458333333332
2024-08-15,23.33316195833333,0.55554841375,0.0,15.404999708333332,8.916666666666666,10.958333333333334,7.083333333333333,32.218041375,254.66666666666663,1017.6833333333334
2024-08-16,24.260661958333333,0.59403756875,0.0208333333333333,13.76999955,2.375,33.708333333333336,16.0,24.684245541666662,214.45833333333331,1017.1791666666668
2024-08-17,23.28274533333333,0.55344772125,0.0083333333333333,11.264999791666668,69.41666666666667,38.125,15.125,21.952946208333334,184.5,1013.9583333333334
2024-08-18,19.339412041666662,0.3891421654166667,0.6458333333333334,15.929999441666666,99.41666666666669,88.54166666666667,48.54166666666666,0.9710299083333332,55.54166666666666,1012.625
2024-08-19,19.698162041666667,0.4040900879166667,0.0041666666666666,18.4199994375,33.458333333333336,31.791666666666668,55.29166666666666,11.631993229166667,190.54166666666663,1016.9833333333332
2024-08-20,20.820661916666666,0.4508609091666666,0.0,13.07999975,1.0833333333333333,4.583333333333333,61.29166666666666,6.815600408333332,163.95833333333334,1013.8875
2024-08-21,19.02441195833333,0.3760171625,0.0083333333333333,20.249999541666664,43.333333333333336,11.458333333333334,21.0,22.844141858333334,225.70833333333331,1018.875
2024-08-22,18.484412,0.3535171685,0.0,11.999999625,24.625,0.0,0.125,34.527613458333335,274.0416666666667,1015.325
2024-08-23,20.889828375,0.4537428507916667,0.0,20.9849995625,38.083333333333336,0.0,0.0,31.688080625,267.875,1014.2416666666668
2024-08-24,25.028579229166667,0.5842259816666667,0.0291666666666666,24.884999583333336,17.541666666666668,10.791666666666666,2.2916666666666665,32.354829083333335,261.0833333333333,1012.425
2024-08-25,18.443995416666667,0.3518331404166666,0.3458333333333334,19.259999604166666,31.541666666666668,43.5,38.333333333333336,17.0882085,161.875,1022.0833333333334
2024-08-26,17.615245333333334,0.31730188625,0.0,17.519999208333335,0.4166666666666667,27.625,44.91666666666666,16.810150687500002,147.29166666666666,1022.1083333333332
2024-08-27,19.10732839583333,0.3794720260416666,0.0,17.1449995625,0.0,0.1666666666666666,10.375,28.11384625,245.91666666666663,1019.2083333333334
2024-08-28,23.156912166666668,0.5353896079166667,0.0,12.944999479166666,0.125,12.208333333333334,0.2083333333333333,28.550687166666663,239.54166666666663,1017.1
2024-08-29,24.54732875,0.5846079195833334,0.0,12.644999691666667,19.20833333333333,14.625,0.0,28.704734125,220.75,1017.4958333333334
2024-08-30,24.368995541666667,0.5882546116666667,0.0,12.389999625,77.625,6.916666666666667,0.0,26.49435995833333,231.91666666666663,1017.0791666666668
2024-08-31,24.35191225,0.5920566991666667,0.0,13.454999875,67.33333333333333,4.375,0.0833333333333333,26.336784375,216.20833333333331,1017.2708333333334
2024-09-01,23.869828666666667,0.5758253354166667,0.0958333333333333,11.984999541666667,69.58333333333333,3.875,8.958333333333334,27.553995791666665,187.33333333333331,1014.8625
2024-09-02,22.301078625,0.5125449370833334,0.0208333333333333,13.454999633333331,28.875,33.041666666666664,21.20833333333333,18.201066304166662,155.625,1014.0291666666668
2024-09-03,22.866912125,0.5361213333333333,0.0,11.6249996875,35.833333333333336,21.75,3.583333333333333,25.277132904166667,196.45833333333331,1014.9458333333332
2024-09-04,21.648995041666662,0.48537479125,0.0416666666666666,13.274999591666663,89.83333333333333,52.875,12.791666666666666,16.01948679166667,121.79166666666669,1014.2708333333334
2024-09-05,19.348162041666665,0.3895067512499999,0.3541666666666667,20.1899995625,96.91666666666669,52.75,54.083333333333336,7.412352558333333,98.5,1008.1375
2024-09-06,18.922328583333336,0.3717636858333333,0.0333333333333333,12.7499995625,62.29166666666666,10.625,41.333333333333336,14.328862595833334,182.20833333333331,1011.8625
2024-09-07,21.334828583333334,0.47228452625,0.0,13.994999645833332,41.29166666666666,11.75,2.25,28.05965177083333,211.54166666666663,1010.9625
2024-09-08,18.4594119375,0.35247549625,0.0583333333333333,16.829999458333333,64.91666666666667,73.70833333333333,22.83333333333333,6.744388258333333,97.95833333333331,1011.3458333333332
2024-09-09,16.824828583333332,0.2843678545833333,0.1583333333333333,31.664998854166665,23.166666666666668,63.458333333333336,71.20833333333333,9.478289827916669,86.70833333333333,1010.475
2024-09-10,15.766911958333331,0.24028800125,0.0999999999999999,26.35499954166667,31.83333333333333,42.083333333333336,56.375,13.854012292791666,157.16666666666666,1015.7416666666668
2024-09-11,12.86774525,0.1228904575416666,0.5083333333333334,28.439999437500003,63.41666666666666,73.29166666666667,72.54166666666667,0.87358305,23.791666666666668,1012.1625
2024-09-12,10.340245220833332,0.0500394044041666,0.0999999999999999,16.709999666666665,28.875,38.583333333333336,40.833333333333336,15.5872971,164.91666666666666,1015.3833333333332
2024-09-13,10.156078579166666,0.0435641365904166,0.1333333333333333,23.039999541666663,31.166666666666668,27.83333333333333,33.208333333333336,17.239366208333333,169.04166666666666,1022.6291666666666
2024-09-14,11.078161825,0.0673319200291666,0.0083333333333333,22.484999375,10.625,33.625,43.25,15.50303025,127.58333333333331,1028.8791666666668
2024-09-15,10.661078525,0.0954217741958333,0.0,20.984999645833334,6.041666666666667,2.4166666666666665,18.95833333333333,27.61711508333333,213.41666666666663,1026.2583333333334
2024-09-16,11.659412095833332,0.09169084325,0.0833333333333333,14.519999541666666,59.41666666666666,46.125,77.375,4.6590910333333335,89.875,1023.6916666666666
2024-09-17,14.417328562500002,0.1840553551666666,0.0625,28.829999291666667,4.208333333333333,36.833333333333336,64.375,8.193995254166667,58.66666666666666,1021.0625
2024-09-18,16.034411875,0.2514338245,0.0,25.364999375,0.0,5.291666666666667,12.166666666666666,24.49976175,164.875,1019.0625
2024-09-19,15.782328708333331,0.240947297625,0.0,17.849999333333333,1.0416666666666667,8.333333333333334,7.041666666666667,25.959533,151.91666666666666,1017.525
2024-09-20,15.8506619375,0.2437775771400833,0.0,12.4949996875,5.208333333333333,8.25,7.25,26.165240041666667,183.66666666666663,1018.9958333333334
2024-09-21,16.38274547916667,0.265947726625,0.0,11.834999583333332,16.416666666666668,6.5,17.083333333333332,23.241115500000003,179.45833333333334,1019.0
2024-09-22,16.778995312499998,0.28245814175,0.0541666666666666,12.584999666666668,84.66666666666667,38.375,4.166666666666667,14.768110625,158.41666666666666,1015.5833333333334
2024-09-23,15.07524525,0.2114685529166666,0.2916666666666667,13.319999458333331,85.33333333333333,71.41666666666667,33.166666666666664,3.0432941833333333,49.208333333333336,1011.9333333333334
2024-09-24,15.241912020833333,0.2184129958333333,0.0166666666666666,29.30999920833333,18.25,49.54166666666666,22.0,15.282316041666666,141.04166666666666,1010.3958333333334
2024-09-25,16.391495125,0.2663123,0.05,27.314998958333334,75.04166666666667,61.04166666666666,18.791666666666668,12.694936779166667,118.66666666666669,1009.0958333333332
2024-09-26,16.671078583333333,0.2779616129166666,0.8958333333333334,39.94499925,75.20833333333333,85.29166666666667,32.375,0.6485269333333333,22.83333333333333,1001.9458333333332
2024-09-27,14.132745166666666,0.1721977169166666,0.0291666666666666,40.37999933333334,12.916666666666666,44.16666666666666,25.5,13.2011083,107.33333333333331,1007.2625
2024-09-28,11.318161908333332,0.0705632214166666,0.2916666666666667,21.869999516666667,17.25,62.125,54.66666666666666,7.5169404625,85.625,1020.9916666666668
2024-09-29,10.215661883333334,0.0667928792916666,0.0,16.979999595833334,56.29166666666666,19.5,50.16666666666666,7.263783666666666,121.41666666666669,1024.9416666666666
2024-09-30,14.8581619375,0.2040892298529166,0.0,26.129999666666667,45.66666666666666,59.708333333333336,35.25,12.507407441666668,105.95833333333331,1017.1083333333332
2024-10-01,14.119828624999998,0.1716595285,1.0666666666666669,20.7599994375,91.83333333333331,82.54166666666667,68.75,0.1767677041666666,56.0,1012.0833333333334
2024-10-02,12.5173284375,0.1048886886775833,0.1166666666666666,14.189999837499998,3.083333333333333,60.458333333333336,71.75,4.248414819583334,74.0,1010.3791666666666
2024-10-03,10.837328833333332,0.0437746030708333,0.0541666666666666,28.154999375,51.04166666666666,53.375,39.583333333333336,9.7699777,87.58333333333333,1012.9666666666668
2024-10-04,10.9002453125,0.0420202750333333,0.0083333333333333,27.554999375,34.625,49.083333333333336,52.875,10.455632829166666,79.25,1017.0
2024-10-05,10.154828745833331,0.0480945373333333,0.0,16.9199995,0.5416666666666666,14.125,60.41666666666666,7.1554009225,85.16666666666667,1016.8333333333334
2024-10-06,10.797328608333332,0.090075409,0.1166666666666666,18.2249995,49.0,40.16666666666666,51.25,8.585283429416666,93.20833333333331,1010.5875
2024-10-07,15.533578625,0.2305657739583333,0.1916666666666666,25.99499941666667,65.45833333333333,62.708333333333336,29.666666666666668,9.259645004166666,71.54166666666667,1006.4833333333332
2024-10-08,14.028995354166668,0.1678748072916666,0.6666666666666666,15.2399995,89.25,75.41666666666667,22.70833333333333,0.5819655125,23.33333333333333,1004.8625
2024-10-09,14.451495166666668,0.1864850589779166,0.0791666666666666,24.764999375,45.04166666666666,70.20833333333333,4.458333333333333,4.4400955458333335,77.33333333333333,996.1375
2024-10-10,14.439412041666666,0.1849755029166666,0.0916666666666666,39.61499933333334,33.083333333333336,54.875,51.91666666666666,12.440979654166668,94.5,1003.7708333333334
2024-10-11,11.223578479166669,0.0751639137916666,0.0666666666666666,18.5549995,0.125,25.45833333333333,40.458333333333336,15.255323654166666,101.45833333333331,1016.4583333333334
2024-10-12,10.2677453375,0.0766726311666666,0.3,23.21999920833333,70.45833333333333,51.75,52.79166666666666,4.6969696,87.79166666666667,1015.2916666666666
2024-10-13,13.965245291666667,0.1679082505833333,0.0791666666666666,26.5049994375,94.0,29.95833333333333,72.41666666666667,4.181081716666667,71.79166666666667,1018.2416666666668
2024-10-14,14.447328625,0.1868661587666666,0.0625,19.379999458333334,21.75,49.833333333333336,49.875,12.217249120833335,64.375,1018.3875
2024-10-15,14.0623285,0.1692636860416666,0.0208333333333333,13.00499975,88.58333333333333,36.75,43.41666666666666,7.107285954166667,42.833333333333336,1018.1
2024-10-16,13.949411958333334,0.1645588334166666,0.025,13.289999583333334,81.29166666666667,41.25,26.33333333333333,13.073231708333331,97.29166666666669,1013.8916666666668
2024-10-17,16.052328624999998,0.25218036375,0.0625,14.519999770833332,77.91666666666667,45.583333333333336,21.70833333333333,11.7972727875,69.75,1013.7083333333334
2024-10-18,14.791495395833332,0.1996456416666666,0.15,14.159999270833334,82.91666666666667,41.458333333333336,57.833333333333336,4.996093158333333,33.708333333333336,1014.3625
2024-10-19,13.241078708333331,0.1350449481666666,0.0,11.429999395833333,69.41666666666667,27.08333333333333,66.875,2.415207665833333,61.583333333333336,1019.0958333333332
2024-10-20,12.4998286875,0.1044881098916666,0.0,12.344999654166664,69.16666666666667,12.5,44.54166666666666,11.139065666666667,96.54166666666669,1023.7625
2024-10-21,14.139828708333331,0.1749898802499999,0.0,13.964999654166666,28.291666666666668,24.5,0.0833333333333333,20.166041925,119.33333333333331,1025.7625
2024-10-22,15.631495166666667,0.234645635,0.0583333333333333,15.824999791666668,33.666666666666664,88.25,74.66666666666667,1.0848483666666666,23.75,1028.9416666666666
2024-10-23,12.7785785625,0.1157741057083333,0.0,16.964999645833334,12.375,52.958333333333336,68.45833333333333,7.517648766666666,68.41666666666667,1031.7958333333331
2024-10-24,13.500661916666669,0.1458609155416666,0.0,14.474999416666668,12.041666666666666,29.916666666666668,37.625,11.56526375,99.04166666666669,1025.7416666666666
2024-10-25,14.070661979166667,0.1696109166666666,0.0,13.214999583333332,22.58333333333333,31.125,30.791666666666668,15.74818375,101.66666666666669,1020.7916666666666
2024-10-26,11.5006619375,0.067125720125,0.0,10.769999812500002,68.70833333333333,8.291666666666666,33.833333333333336,13.4969182375,104.875,1017.9833333333332
2024-10-27,13.354828520833331,0.1425080887609166,0.0,9.89999965,24.125,30.375,0.625,13.724782458333332,97.625,1022.5625
2024-10-28,12.712745333333332,0.1296070849541666,0.0,10.739999695833331,0.1666666666666666,7.541666666666667,1.5,22.446225708333333,109.66666666666669,1026.6666666666667
2024-10-29,12.381911958333331,0.1133909537609166,0.0,11.114999491666666,0.0416666666666666,8.625,33.333333333333336,17.471941875,104.20833333333331,1027.1125
2024-10-30,10.671078625,0.0488419148125,0.0,11.819999625,0.0,0.0,65.33333333333333,5.873035791666666,100.45833333333331,1027.5583333333334
2024-10-31,10.488995416666668,0.0316887135,0.0,10.649999708333334,1.0416666666666667,0.0,46.708333333333336,11.740467,78.0,1027.8291666666669
2024-11-01,10.028578554166666,0.0570172982499999,0.0,12.314999541666666,11.291666666666666,0.0,34.583333333333336,20.291088041666665,105.04166666666669,1026.0916666666667
2024-11-02,8.429828629166666,0.0017200277499999,0.0,14.204999458333331,1.875,0.2083333333333333,66.16666666666667,2.7609989416666667,59.958333333333336,1028.3791666666666
2024-11-03,8.797328775,0.0188393611666666,0.0,10.664999666666668,5.5,0.125,27.041666666666668,17.293329229166666,93.875,1029.3208333333334
2024-11-04,6.5981619125,0.0003129260416666,0.0,11.5649996875,0.0,0.0,20.625,17.809119041666666,97.54166666666669,1027.3083333333334
2024-11-05,8.884828624999999,0.0464092295416666,0.0,13.109999583333334,15.625,8.791666666666666,31.58333333333333,17.00960304166667,92.75,1025.825
2024-11-06,10.2623287,0.0512894071666666,0.0,11.519999625,26.125,1.4583333333333333,60.66666666666666,6.2363006375,66.54166666666667,1028.9708333333333
2024-11-07,8.35482845,0.0,0.0,11.324999624999998,21.541666666666668,0.0,69.70833333333333,4.466947075,66.0,1030.3375
2024-11-08,8.983578616666668,0.0086310274362499,0.0,10.919999554166669,13.25,20.791666666666668,48.54166666666666,7.0958895875,83.33333333333333,1026.55
2024-11-09,8.768995304166667,0.0190485469958333,0.0,11.024999645833333,18.33333333333333,17.75,36.66666666666666,14.031250237499998,86.41666666666667,1026.1791666666666
2024-11-10,6.7044120125,0.0,0.0,11.3999995,4.791666666666667,0.0,65.83333333333333,2.9469628041666667,77.25,1027.8958333333333
2024-11-11,6.1823285875,0.0,0.0875,11.519999604166664,13.708333333333334,40.333333333333336,66.33333333333333,4.337064920833334,63.29166666666666,1029.5125
2024-11-12,6.6219118875000005,0.0,0.0,21.5699995625,50.625,21.875,73.70833333333333,1.09094425,41.208333333333336,1026.5125
2024-11-13,4.671495275,0.0,0.0,17.084999458333332,67.75,32.5,44.75,4.6398989375,58.208333333333336,1030.2458333333334
2024-11-14,4.591911916666667,0.0,0.0,8.984999770833333,0.0,46.625,55.125,3.9242145416666663,33.458333333333336,1029.55
2024-11-15,5.367328604166667,0.0,0.0,10.244999675,1.4583333333333333,0.375,52.91666666666666,10.481762083333336,69.41666666666667,1027.2166666666667
2024-11-16,3.012745375,0.0,0.0,14.729999625,10.625,0.0416666666666666,23.041666666666668,19.93604125,81.25,1022.5791666666668
2024-11-17,5.96024535,0.0,0.05,22.04999952083333,53.083333333333336,42.29166666666666,74.375,3.530527591666667,43.333333333333336,1018.2375
2024-11-18,8.120245295833334,0.0,0.0208333333333333,32.894999166666665,57.16666666666666,67.375,75.58333333333333,3.7878787125,38.29166666666666,1016.2541666666666
2024-11-19,10.0527455,0.0222273316875,0.8791666666666668,57.044998166666666,92.66666666666669,94.95833333333331,93.29166666666669,0.56387484125,16.208333333333332,1004.725
2024-11-20,4.449411966666667,0.0,0.3416666666666667,33.50999904166667,9.458333333333334,64.95833333333333,50.875,10.433150908333332,66.70833333333333,1007.35
2024-11-21,1.4927453995833335,0.0,0.6583333333333333,23.069999875,54.66666666666666,75.20833333333333,56.5,0.1617914975,30.08333333333333,1001.8458333333332
2024-11-22,0.1427454144166666,0.0,0.0833333333333333,31.049999041666663,25.20833333333333,55.41666666666666,53.25,4.368350275,57.41666666666666,1013.0625
2024-11-23,1.6406620841666666,0.0,0.0,22.66499983333333,68.625,47.5,19.75,6.2476265416666665,59.958333333333336,1023.8083333333334
2024-11-24,8.051495358333334,0.0308185285,0.0041666666666666,27.37499970833333,82.125,19.916666666666668,2.083333333333333,16.086908729166666,64.25,1019.95
2024-11-25,9.223995304166666,0.0519156839041666,0.3374999999999999,25.829999583333333,28.791666666666668,41.125,13.208333333333334,15.592522375,69.58333333333333,1013.9833333333332
2024-11-26,9.2289952125,0.019066757375,0.2291666666666666,19.154999479166666,50.79166666666666,39.375,34.375,15.539253441666666,59.375,1022.4333333333334
2024-11-27,7.997745345833334,0.0149170277916666,0.0416666666666666,22.0049995,68.875,42.91666666666666,19.125,16.958407375,64.70833333333333,1022.6583333333332
2024-11-28,7.0823286054166665,0.010020343875,0.475,23.27999925,39.833333333333336,45.5,62.16666666666666,7.483585808333333,30.45833333333333,1026.5291666666667
2024-11-29,1.1189953866666666,0.0,0.0,15.719999625,0.0,0.0,34.333333333333336,15.109848208333332,66.45833333333333,1031.9875
2024-11-30,0.488162062625,0.0,0.0,11.444999866666668,10.625,0.0,18.375,17.207267112500002,68.625,1031.225
2024-12-01,1.20482874125,0.0,0.0,15.269999708333332,17.875,19.5,4.25,21.064127666666668,71.375,1026.8791666666666
2024-12-02,7.283995341666666,0.0018241934916666,0.2166666666666666,19.574999791666663,38.833333333333336,58.083333333333336,31.58333333333333,8.463846725,42.5,1020.2666666666668
2024-12-03,6.390245241666666,0.0,0.0333333333333333,15.9449998125,18.125,39.208333333333336,69.75,7.27321818,35.625,1021.475
2024-12-04,4.367745361666667,0.0,0.0291666666666666,10.7099996125,3.4166666666666665,28.666666666666668,34.458333333333336,12.707133617083334,45.75,1027.275
2024-12-05,2.4606619875,0.0,0.0583333333333333,20.234999770833333,66.125,41.79166666666666,35.333333333333336,10.750385475,54.333333333333336,1025.1583333333333
2024-12-06,8.331078691666667,0.00116404725,0.325,42.82499875,40.91666666666666,33.666666666666664,58.41666666666666,11.841715291666668,38.66666666666666,1018.0958333333332
2024-12-07,6.7489953,0.0,0.2916666666666667,32.45999879166667,72.20833333333333,62.458333333333336,53.54166666666666,2.464786625,11.416666666666666,1009.1
2024-12-08,5.2123286,0.0,0.0958333333333333,21.194999479166665,57.375,65.75,78.04166666666667,1.23325642375,28.541666666666668,1007.0458333333332
2024-12-09,4.7256619,0.0,0.0875,33.01499941666666,37.41666666666666,62.0,69.5,9.584638354166666,26.70833333333333,1016.3708333333334
2024-12-10,4.166078704166667,0.0,0.0,25.33499945833333,14.458333333333334,21.166666666666668,75.83333333333333,2.6862792875,29.041666666666668,1022.6375
2024-12-11,3.528995366666667,0.0,0.0,13.589999375,21.166666666666668,7.75,61.458333333333336,6.158340750000001,31.95833333333333,1027.8375
2024-12-12,2.4089954279166665,0.0,0.0,11.189999645833334,0.0833333333333333,0.5833333333333334,55.29166666666666,5.811826966666666,43.208333333333336,1030.1
2024-12-13,0.5235787322083333,0.0,0.0,10.589999833333334,47.5,14.666666666666666,20.916666666666668,14.146492625,58.208333333333336,1028.1916666666666
2024-12-14,3.14482871375,0.0,0.0791666666666666,16.904999583333332,62.375,72.5,46.208333333333336,4.683347066666667,22.791666666666668,1024.9125
2024-12-15,3.827328708333333,0.0,0.0041666666666666,20.159999541666668,0.1666666666666666,44.5,73.95833333333333,3.3731481875,33.041666666666664,1034.6041666666667
2024-12-16,5.425245458333333,0.0,0.0041666666666666,17.59499975,11.416666666666666,18.20833333333333,81.04166666666667,1.8883839833333331,25.45833333333333,1038.0958333333333
2024-12-17,3.6219120458333336,0.0,0.0,14.009999541666666,62.375,15.0,34.416666666666664,13.487331374999998,55.208333333333336,1031.7291666666667
2024-12-18,7.946911879166667,0.016669220125,0.0125,22.139999666666668,46.458333333333336,47.54166666666666,16.541666666666668,10.270075541666666,45.04166666666666,1023.5958333333332
2024-12-19,8.3719119625,0.0255932574999999,0.4083333333333334,38.819999083333336,71.66666666666667,66.375,56.41666666666666,1.8071829916666668,27.291666666666668,1010.6208333333334
2024-12-20,3.1177453916666664,0.0,0.0458333333333333,21.134999625,9.75,22.041666666666668,65.08333333333333,6.514590525,34.291666666666664,1024.7708333333333
2024-12-21,4.977328654166667,0.0,0.2958333333333333,30.4049995,46.16666666666666,71.625,88.29166666666667,0.2285633749999999,20.625,1023.6875
2024-12-22,5.278162,0.0,0.6041666666666666,51.809998625,58.208333333333336,79.75,61.958333333333336,2.7174243458333334,25.5,1009.8791666666666
2024-12-23,3.1252454166666666,0.0,0.425,27.16499945833333,27.416666666666668,54.54166666666666,66.08333333333333,5.7102061625000005,20.541666666666668,1017.3333333333334
2024-12-24,3.2144119916666667,0.0,0.0666666666666666,9.074999891666666,7.416666666666667,54.375,65.45833333333333,2.9497616166666667,29.875,1030.2416666666666
2024-12-25,2.4002454125,0.0,0.0,11.879999654166667,1.5,46.75,24.08333333333333,8.992719104166666,49.125,1035.8916666666669
2024-12-26,0.25816208125,0.0,0.0,14.939999770833332,0.0,0.0,3.6666666666666665,20.204993833333333,58.708333333333336,1035.3125
2024-12-27,-0.1405879429166666,0.0,0.0,12.179999541666668,7.416666666666667,0.0,3.125,20.23827125,60.083333333333336,1034.5833333333333
2024-12-28,0.2152453625966666,0.0,0.0,12.509999458333333,2.875,0.0,2.0,20.46249975,59.91666666666666,1032.0833333333333
2024-12-29,-0.3497546058333333,0.0,0.0,13.124999604166668,0.0,0.0,16.125,18.157575708333333,61.79166666666666,1032.3833333333334
2024-12-30,-0.8768379291666667,0.0,0.0,10.319999791666666,0.0,0.0,14.291666666666666,18.643672291666665,62.29166666666666,1033.3416666666667
2024-12-31,-0.2039212966666666,0.0,0.0,16.739999791666666,1.1666666666666667,0.0,2.2916666666666665,20.61701725,61.29166666666666,1032.0916666666667
2025-01-01,3.0735786604166666,0.0,0.0,25.42499925,41.625,0.0416666666666666,0.7083333333333334,19.71084575,63.04166666666666,1026.225
2025-01-02,6.193578625000001,0.0,0.7708333333333334,40.52999920833333,91.66666666666669,68.66666666666667,51.25,0.13438555,12.041666666666666,1017.0708333333332
2025-01-03,0.61566208,0.0,0.0,14.039999458333334,0.0416666666666666,1.1666666666666667,70.16666666666667,3.630029333333333,45.5,1024.2583333333334
2025-01-04,-1.53642128425,0.0,0.2166666666666666,16.634999625,77.125,43.0,36.833333333333336,10.265277895833334,58.29166666666666,1021.1166666666668
2025-01-05,6.966911933333333,0.0017030934749999,0.5583333333333333,38.4749995,86.25,64.08333333333333,53.0,5.9025390416666665,15.041666666666666,1005.225
2025-01-06,8.241078554166666,0.0276418688333333,0.2208333333333333,33.674999625,75.58333333333333,64.83333333333333,23.166666666666668,5.9576877125,40.958333333333336,999.4541666666668
2025-01-07,6.229411925,0.0,0.1208333333333333,39.94499883333334,20.95833333333333,47.75,34.041666666666664,11.098056916666666,40.16666666666666,1008.3416666666668
2025-01-08,9.155661920833332,0.0349000922083333,0.5666666666666667,36.17999904166667,76.04166666666667,90.66666666666669,75.04166666666667,1.0380191208333334,7.833333333333333,1005.25
2025-01-09,9.214411925,0.0493991743333333,0.2458333333333333,49.754999875,42.04166666666666,47.29166666666666,52.875,4.0237022875,23.166666666666668,1006.5291666666668
2025-01-10,2.13274537625,0.0,0.0,13.409999854166664,35.458333333333336,53.25,44.91666666666666,6.865782825,56.04166666666666,1021.3833333333332
2025-01-11,-1.0072546129166666,0.0,0.0,16.034999583333335,0.2083333333333333,6.208333333333333,43.04166666666666,10.167185679166666,64.70833333333333,1026.625
2025-01-12,-1.3201712566666666,0.0,0.0,18.40499958333333,0.0,6.916666666666667,46.375,6.880513583333333,52.583333333333336,1037.4083333333333
2025-01-13,-2.17350470825,0.0,0.0,21.29999975,13.333333333333334,0.0833333333333333,7.833333333333333,21.431523854166667,73.875,1039.1458333333333
2025-01-14,-2.592671353333333,0.0,0.0,13.619999645833332,8.875,1.5416666666666667,5.0,21.796338070833333,74.25,1035.8083333333334
2025-01-15,-0.1114212758333333,0.0,0.0,13.229999875,0.8333333333333334,25.291666666666668,65.16666666666667,3.7563132625,28.666666666666668,1033.0125
2025-01-16,2.291078707916667,0.0,0.0,16.694999375,0.0,0.1666666666666666,35.0,14.981481625,60.708333333333336,1034.4625
2025-01-17,0.5373287239583333,0.0,0.0,11.4149994375,0.0,0.125,27.20833333333333,16.279819125,70.41666666666667,1035.9666666666667
2025-01-18,0.0631620954166666,0.0,0.0,12.1949995,0.0,0.0833333333333333,15.875,18.381495166666667,76.875,1030.2083333333333
2025-01-19,-1.2110045995,0.0,0.0,10.3049994625,10.375,11.166666666666666,8.541666666666666,17.87024445833333,74.20833333333333,1022.8791666666666
2025-01-20,0.4248287266666666,0.0,0.0,10.724999770833334,50.125,15.291666666666666,0.0,18.198301625,75.08333333333333,1020.4083333333332
2025-01-21,-0.0305879608333332,0.0,0.0,11.024999645833333,18.916666666666668,11.25,0.7916666666666666,22.506095291666668,79.66666666666667,1018.6583333333332
2025-01-22,1.929412056375,0.0,0.0916666666666666,18.569999625,87.25,53.458333333333336,41.375,2.1036895666666666,21.58333333333333,1010.7166666666668
2025-01-23,5.7052452875,0.0,0.2458333333333333,28.96499933333333,42.75,34.916666666666664,57.66666666666666,4.3602834875,34.625,1011.725
2025-01-24,6.9927453625,0.021200469375,0.0,23.594999458333334,65.04166666666667,64.04166666666667,8.625,8.942108662499999,57.25,1013.5625
2025-01-25,9.32316175,0.0448124341666666,0.1749999999999999,22.589999541666668,68.625,68.66666666666667,15.291666666666666,11.394227083333334,42.16666666666666,1009.3291666666668
2025-01-26,8.1185787625,0.0003654360708333,0.0791666666666666,36.44999941666666,69.75,60.0,26.33333333333333,14.0259961375,75.79166666666667,1010.725
2025-01-27,9.2856619875,0.0056457668958333,0.3999999999999999,45.91499933333333,77.125,84.91666666666667,32.25,1.3961630941666667,22.83333333333333,1001.7375
2025-01-28,7.914828670833334,1.7787019583333335e-05,0.2416666666666666,32.054999583333334,78.20833333333333,71.16666666666667,38.66666666666666,9.378787904166666,56.333333333333336,1001.6625
2025-01-29,7.070245233333334,0.0013207214041666,0.225,36.31499889583333,65.04166666666667,56.208333333333336,34.166666666666664,14.549887631416668,69.0,1010.5083333333332
2025-01-30,5.4548286333333325,0.0,0.1208333333333333,13.739999520833337,56.25,80.66666666666667,27.33333333333333,2.0026303791666664,32.75,1017.225
2025-01-31,4.343995283333333,0.0,0.0375,15.599999645833334,35.875,67.625,54.625,3.04001821775,37.333333333333336,1028.2583333333334
2025-02-01,1.9052453527083333,0.0,0.0,15.614999208333332,0.0,0.6666666666666666,26.625,14.162100195833332,70.58333333333333,1028.1958333333334
2025-02-02,1.9027454041666667,0.0,0.0,10.9499995625,0.9166666666666666,0.0,20.08333333333333,18.305724316666662,91.29166666666669,1024.9916666666666
2025-02-03,1.0527453766666668,0.0,0.0,10.679999491666663,5.083333333333333,0.0,25.20833333333333,14.549046025,98.70833333333331,1028.3958333333333
2025-02-04,0.4685787204166666,0.0,0.0,9.3749998125,3.4166666666666665,0.0,12.166666666666666,22.721022625,104.79166666666669,1031.1541666666667
2025-02-05,-0.5364212804166666,0.0,0.0,13.8449998125,0.0833333333333333,0.5,5.958333333333333,23.6477205,104.29166666666669,1037.9583333333333
2025-02-06,1.7260787508333333,0.0,0.0,19.334999375,72.16666666666667,24.916666666666668,61.833333333333336,3.5020903875,37.75,1035.4458333333334
2025-02-07,2.6410786416666663,0.0,0.0,13.379999520833332,92.70833333333331,50.875,14.833333333333334,9.172853254166666,77.79166666666667,1024.2458333333334
2025-02-08,2.838578765,0.0,0.0,12.419999312500002,52.54166666666666,34.291666666666664,7.875,14.7947498375,90.0,1022.2
2025-02-09,3.914412025,0.0,0.0,11.399999583333331,36.25,48.875,51.5,3.205415325,85.70833333333333,1027.2458333333334
2025-02-10,4.368578670833333,0.0,0.2083333333333333,16.3649996875,75.125,91.16666666666669,33.5,1.4506029845833333,30.83333333333333,1023.1458333333334
2025-02-11,7.1277451958333335,0.0,0.2541666666666666,15.824999416666666,88.0,92.95833333333331,96.875,0.0,17.166666666666668,1020.3041666666668
2025-02-12,8.865661866666667,0.0140133994458333,0.0541666666666666,18.884999541666662,51.91666666666666,65.45833333333333,51.75,9.6535211125,52.625,1017.5541666666668
2025-02-13,5.192328716666666,0.0,0.4333333333333333,15.209999758333334,39.16666666666666,62.29166666666666,77.25,1.4288721125,25.58333333333333,1018.3208333333332
2025-02-14,0.26816206975,0.0,0.0499999999999999,21.95999960416667,0.0,19.666666666666668,66.41666666666667,2.786377770833333,76.5,1024.7625
2025-02-15,-0.1951713091666666,0.0,0.0,13.709999833333333,37.083333333333336,15.166666666666666,6.333333333333333,20.71003908333333,129.79166666666666,1022.125
2025-02-16,1.0085787387916667,0.0,0.0,12.374999708333334,20.666666666666668,65.29166666666667,12.166666666666666,10.4133554375,93.41666666666669,1017.9791666666666
2025-02-17,0.9523287435833332,0.0,0.0,13.619999583333334,36.41666666666666,4.083333333333333,17.25,20.821768625,123.125,1021.0291666666668
2025-02-18,0.7402453880416666,0.0,0.0,15.734999520833334,33.291666666666664,0.0,5.791666666666667,22.99623945833333,128.45833333333334,1022.9583333333334
2025-02-19,1.568162042083333,0.0,0.0,14.009999666666667,77.29166666666667,52.0,16.916666666666668,8.48949232,120.625,1024.1708333333331
2025-02-20,7.214412002916667,0.0419825725,0.0,17.069999541666665,54.083333333333336,58.66666666666666,30.291666666666668,12.109581770833332,94.04166666666669,1026.3875
2025-02-21,8.016912108333333,0.0404022878333333,0.0,15.614999479166665,78.91666666666667,47.25,12.833333333333334,11.104713825,103.83333333333331,1023.3875
2025-02-22,9.573162,0.0531305377291666,0.0375,15.809999583333337,83.125,59.583333333333336,11.333333333333334,10.138916865416666,86.75,1021.3666666666668
2025-02-23,8.9452452375,0.0246388236666666,0.1041666666666666,10.4549996875,29.25,62.833333333333336,26.875,6.345770270833333,70.0,1029.9291666666666
2025-02-24,8.124828541666666,0.0237881254583333,0.0083333333333333,17.939999625,88.45833333333333,56.208333333333336,41.375,9.468076444166668,75.29166666666667,1025.1125
2025-02-25,8.7352452875,0.0055047488333333,0.2833333333333333,26.26499954166667,70.0,79.95833333333333,56.25,6.7903757916666665,45.91666666666666,1015.4708333333332
2025-02-26,5.260662058333334,0.0,0.2791666666666667,33.40499925,21.45833333333333,61.66666666666666,66.95833333333333,5.506523570833334,64.25,1020.6333333333332
2025-02-27,5.488161945833333,0.0,0.1208333333333333,24.1649991875,16.25,52.333333333333336,47.75,12.3574283125,103.66666666666669,1020.7791666666668
2025-02-28,3.5360786354166667,0.0,0.0125,15.2249996875,0.2916666666666667,28.541666666666668,32.166666666666664,10.958200291666666,99.70833333333331,1024.525
2025-03-01,4.1806619875,0.0,0.0,28.079999333333333,0.0416666666666666,3.4166666666666665,53.625,5.138131508333333,111.66666666666669,1027.6416666666669
2025-03-02,3.8044120216666655,0.0005216846984166,0.0,20.789999583333334,6.375,0.0,6.083333333333333,23.35466295833333,157.0,1030.3958333333333
2025-03-03,4.07816196125,0.0133350358333333,0.0,11.1749995,2.5416666666666665,0.0,0.25,27.996513625,165.25,1028.3333333333333
2025-03-04,5.19024533625,0.0320863129791666,0.0,11.11499975,30.125,0.0,0.0,24.247752416666668,164.25,1026.0791666666669
2025-03-05,6.5664952815,0.0638575729791666,0.0,11.189999325,0.0,0.0,0.0,28.4,171.04166666666666,1025.2083333333333
2025-03-06,7.968578638749999,0.0923823033333333,0.0,11.984999708333334,4.375,1.4166666666666667,0.0,28.3356482625,170.41666666666666,1021.8166666666666
2025-03-07,8.1269119525,0.0774000946775833,0.0,12.209999479166669,17.833333333333332,0.0,0.0,28.224669375,171.41666666666666,1018.5875
2025-03-08,8.477745366666667,0.0886496676666666,0.0,13.0649995,22.20833333333333,2.375,0.0,27.81506320833333,175.04166666666666,1012.125
2025-03-09,9.383578666666669,0.0946743975,0.0,13.5899995,64.04166666666667,15.166666666666666,0.0,25.121348895833336,172.625,1003.6375
2025-03-10,8.5460786375,0.0224860456359166,0.1125,16.54499989583333,95.08333333333331,40.208333333333336,18.5,10.353535025,72.33333333333333,1002.6583333333332
2025-03-11,8.441495183333332,0.04569827425,0.0499999999999999,11.8199995625,87.33333333333333,32.0,7.5,17.260151583333332,137.58333333333334,1002.4583333333334
2025-03-12,7.212328545833333,0.0,0.4166666666666667,10.169999541666666,71.54166666666667,86.08333333333333,88.125,0.6436588541666667,43.29166666666666,998.7
2025-03-13,5.668995187499999,0.0,0.2916666666666667,22.604999229166665,43.625,47.875,71.70833333333333,8.925785666666666,102.66666666666669,997.8833333333332
2025-03-14,4.462328654166667,0.0,0.0,21.224999416666662,56.458333333333336,39.75,63.458333333333336,2.8561588041666663,109.125,1005.5833333333334
2025-03-15,5.316495199999999,0.0,0.1208333333333333,31.004999583333333,86.91666666666667,62.958333333333336,77.625,3.5831576666666667,79.16666666666667,1009.625
2025-03-16,4.663578645833334,0.0,0.2791666666666667,16.7549992625,44.208333333333336,84.75,87.375,0.9089013941666666,57.16666666666666,1017.05
2025-03-17,5.978578604166667,0.0008515467083333,0.0,22.76999982083333,0.0,18.5,37.91666666666666,18.21659625,172.58333333333334,1023.1333333333332
2025-03-18,4.687328695833333,0.0089604624583333,0.0,16.739999354166667,0.0,0.0,0.0,30.271527833333334,206.29166666666663,1025.0416666666667
2025-03-19,7.1060786975,0.07262536,0.0,12.404999395833334,0.0,0.6666666666666666,0.0833333333333333,30.41666658333333,206.79166666666663,1026.0875
2025-03-20,10.17899545,0.1210984429166666,0.0,14.6399994375,21.95833333333333,21.041666666666668,2.0416666666666665,25.9541945,193.91666666666663,1023.4416666666666
2025-03-21,11.9894118875,0.1356313897083333,0.0,19.199999375,98.70833333333331,27.541666666666668,0.5416666666666666,15.843988070833332,145.75,1013.5
2025-03-22,14.291495333333332,0.1809985305416666,0.0,15.824999645833332,71.875,44.75,0.2916666666666667,21.42159045833333,171.125,1004.1375
2025-03-23,11.9469121875,0.0843136492916666,0.175,17.5949994,88.58333333333333,37.875,25.625,15.734201375,109.95833333333331,1006.0083333333332
2025-03-24,10.9948286375,0.0744851293208333,0.0958333333333333,13.904999779166666,78.875,52.083333333333336,19.541666666666668,14.396359483333333,144.875,1013.5708333333332
2025-03-25,11.0244118375,0.0803366703583333,0.0791666666666666,14.789999604166669,16.875,40.5,15.166666666666666,21.552033541666663,168.04166666666666,1018.9625
2025-03-26,10.001911929166669,0.0232334217541666,0.0,19.99499958333333,45.833333333333336,78.91666666666667,46.333333333333336,2.7161336958333333,102.875,1020.5958333333332
2025-03-27,9.427328575,0.0401774425416666,0.0,23.384999354166663,0.0,3.8333333333333335,61.875,11.806299083333334,155.375,1018.4375
2025-03-28,9.325662,0.0589109347083333,0.0,12.554999554166663,11.875,23.375,42.458333333333336,13.914884708333332,199.70833333333331,1012.2625
2025-03-29,9.0735785625,0.0117221555124999,0.0625,24.07499939583333,44.125,52.875,50.66666666666666,7.410135925,73.20833333333333,1015.9791666666666
2025-03-30,9.5260786625,0.0581296839166666,0.0333333333333333,22.69499935416667,22.541666666666668,21.291666666666668,37.083333333333336,17.190606041666666,163.79166666666666,1021.1708333333332
2025-03-31,8.996912008333334,0.0181809169833333,0.0249999999999999,22.694999291666665,0.0,8.0,43.625,10.272825840833333,166.79166666666666,1024.2083333333333
2025-04-01,8.424411908333333,0.0260459247083333,0.0,40.88999908333333,9.666666666666666,7.416666666666667,11.041666666666666,22.973354741666668,195.66666666666663,1019.7791666666668
2025-04-02,11.808161908333332,0.1298670717291666,0.0,23.8049995625,28.45833333333333,4.375,0.0416666666666666,29.096495975,222.58333333333331,1015.7666666666668
2025-04-03,12.131912129166668,0.1550055470833333,0.0,14.2199995,16.583333333333332,0.5416666666666666,0.0,29.7800190625,238.29166666666663,1020.0083333333332
2025-04-04,13.063995395833333,0.1929920738749999,0.0,14.489999520833337,0.0,0.0,0.0,32.727777708333335,247.25,1016.7166666666668
2025-04-05,13.724828604166667,0.2114829302916666,0.0,17.0249995,21.291666666666668,7.708333333333333,0.3333333333333333,31.22699904166667,249.83333333333331,1013.4291666666668
2025-04-06,10.115245345833332,0.062019424125,0.0,26.65499945833333,0.0,0.625,0.0,33.00833332083334,257.5,1018.2541666666666
2025-04-07,7.766078789000001,0.0602121703333333,0.0,18.11999933333333,0.0,0.0,0.0,33.15,261.0416666666667,1021.9833333333332
2025-04-08,9.020662021791669,0.0948484329166666,0.0,14.819999229166667,18.58333333333333,0.8333333333333334,0.0,30.45758408333333,258.4583333333333,1023.5583333333334
2025-04-09,10.091495275,0.1141722014791666,0.0,19.184999395833334,28.291666666666668,16.541666666666668,0.2083333333333333,27.506383416666665,250.04166666666663,1021.5375
2025-04-10,10.783161875,0.1233037175,0.0,17.564999604166665,25.166666666666668,0.0,0.0833333333333333,30.962662041666665,259.5833333333333,1024.7375
2025-04-11,11.854412033333332,0.1529048390416666,0.0,13.934999791666668,0.2083333333333333,0.0,0.0,33.71597220833333,266.25,1020.4583333333334
2025-04-12,14.295245095833332,0.2373162579166666,0.0,13.9499995,39.75,10.958333333333334,0.4583333333333333,28.199018166666665,235.33333333333331,1011.1333333333332
2025-04-13,14.7864953125,0.1994373045833333,0.1166666666666666,18.704999416666663,64.45833333333333,71.79166666666667,46.625,6.431986820833334,124.0,1009.6833333333334
2025-04-14,15.016912020833333,0.209037998375,0.1291666666666666,13.664999645833332,59.625,42.16666666666666,22.666666666666668,21.927762699166667,190.83333333333331,1007.65
2025-04-15,14.154828791666668,0.1744538186958333,0.1791666666666666,13.529999604166669,88.95833333333333,62.125,20.75,11.898211091666669,111.41666666666669,1001.7291666666666
2025-04-16,11.138161854166666,0.0520740616958333,0.4833333333333333,16.829999479166666,51.625,85.83333333333333,57.91666666666666,0.8252876499999999,50.91666666666666,1008.5666666666666
2025-04-17,8.623578716666666,0.0,0.4833333333333333,20.189999291666663,69.08333333333333,88.04166666666667,93.75,0.1871142354166666,44.708333333333336,1010.6375
2025-04-18,7.759828620833333,0.0058354618333333,0.0166666666666666,14.264999333333334,20.95833333333333,37.458333333333336,75.41666666666667,3.536665495833333,103.0,1015.1083333333332
2025-04-19,11.060662091666666,0.1447624834583333,0.0,15.809999541666668,28.70833333333333,4.541666666666667,13.666666666666666,26.265277875,248.08333333333331,1007.6375
2025-04-20,10.517328495833333,0.064571933,0.1666666666666666,20.9699994375,40.208333333333336,38.04166666666666,7.125,14.126753604166666,118.20833333333331,1008.1166666666668
2025-04-21,11.007745304166669,0.0664825089041666,0.1875,24.284999375,32.458333333333336,48.16666666666666,16.791666666666668,16.851178375,171.0,1013.5291666666668
2025-04-22,13.025245175,0.14603069,0.0041666666666666,13.619999458333334,43.91666666666666,14.166666666666666,9.541666666666666,27.919304166666667,203.45833333333331,1018.2541666666666
2025-04-23,11.472745291666667,0.0901287649583333,0.3833333333333333,19.07999979583333,64.66666666666667,66.16666666666667,35.375,10.650835170833334,163.375,1015.8666666666668
2025-04-24,10.941911979166669,0.0461009897958333,0.1625,25.54499979166667,13.625,53.41666666666666,47.54166666666666,12.903156458333331,209.08333333333331,1017.9708333333332
2025-04-25,11.62399525,0.0692793513041666,0.2875,19.85999975,8.458333333333334,61.083333333333336,54.91666666666666,14.343097625,173.54166666666666,1018.2208333333332
2025-04-26,11.791078645833332,0.0908570855416666,0.0,20.969999395833334,9.041666666666666,8.666666666666666,59.16666666666666,4.220412233333334,125.16666666666669,1017.5958333333332
2025-04-27,13.718161895833331,0.1707016849166666,0.0,16.529999270833333,59.0,22.041666666666668,23.291666666666668,18.00222404166667,214.0,1021.3958333333334
2025-04-28,15.216911866666663,0.23582406318625,0.0,18.17999945833333,21.25,6.666666666666667,1.5,32.90282391666667,274.5833333333333,1023.6541666666668
2025-04-29,16.70066195,0.2915710151833333,0.0,16.964999708333334,8.291666666666666,8.916666666666666,0.4583333333333333,32.113391375,271.0,1022.6583333333332
2025-04-30,17.419828541666664,0.3171265681666667,0.0,13.784999625,0.125,1.0,0.0,35.87558870833333,285.7916666666667,1020.8833333333332
2025-05-01,18.239411916666665,0.3497303107916666,0.0,11.45999975,0.625,3.75,0.0,35.353605125,284.125,1018.9
2025-05-02,19.889412041666667,0.4120588334583333,0.0,14.294999479166668,29.5,11.666666666666666,0.0,34.11084091666667,293.9166666666667,1016.5708333333332
2025-05-03,19.69941195833333,0.4041421616666666,0.15,28.484999375,52.208333333333336,42.625,3.7916666666666665,24.17086083333333,241.29166666666663,1012.6875
2025-05-04,12.7402451875,0.1141768838916666,0.3583333333333333,25.829999333333333,69.125,75.75,79.70833333333333,1.1862516125,103.45833333333331,1010.1041666666666
2025-05-05,9.6106619375,0.0093961939333333,0.45,28.42499935416667,94.33333333333331,86.625,62.458333333333336,2.5032266625,79.33333333333333,1010.8958333333334
2025-05-06,10.3848286,0.044050249875,0.0,30.14999920833333,15.25,77.625,70.91666666666667,3.6511857,136.54166666666666,1014.6125
2025-05-07,11.593578604166666,0.0984794631666666,0.0041666666666666,23.5649995,31.45833333333333,55.625,21.416666666666668,11.055022258333333,193.54166666666663,1014.3333333333334
2025-05-08,12.034828791666667,0.09750681675,0.1583333333333333,21.329999583333333,19.25,34.333333333333336,20.041666666666668,20.31383304475,223.29166666666663,1013.4416666666666
2025-05-09,12.090245345833331,0.135335825125,0.0,21.49499983333333,25.541666666666668,19.20833333333333,12.0,22.720838916666665,190.25,1016.175
2025-05-10,13.591495266666668,0.205631813125,0.0,14.219999458333334,1.9166666666666667,2.875,0.0416666666666666,36.62582075,288.9166666666667,1017.3125
2025-05-11,15.825245129166667,0.2700250171666666,0.0,15.899999395833332,0.6666666666666666,6.125,0.0,36.458150833333335,313.375,1012.2
2025-05-12,14.414411979166667,0.1842111861666666,0.1708333333333333,14.939999520833332,45.91666666666666,71.75,24.791666666666668,9.015137629166666,155.08333333333334,1012.9708333333332
2025-05-13,15.237745166666665,0.218239384625,0.0666666666666666,14.549999841666668,44.79166666666666,39.958333333333336,35.333333333333336,20.22406005,214.375,1015.8625
2025-05-14,16.30066198333333,0.2793479426666667,0.0,11.804999841666666,0.7916666666666666,8.875,1.0833333333333333,34.0897727625,290.2083333333333,1016.0166666666668
2025-05-15,15.368995520833332,0.2341578296041666,0.0,22.979999625,21.041666666666668,10.0,1.4166666666666667,31.23995722083333,291.6666666666667,1014.7833333333332
2025-05-16,13.483995445833331,0.1792958660416666,0.0,21.869999333333336,0.5416666666666666,44.625,0.125,17.290235775,275.7083333333333,1017.4625
2025-05-17,13.926078408333334,0.1909104340416666,0.0,14.624999666666668,0.0,42.958333333333336,6.583333333333333,22.919192191666667,252.0,1016.2416666666668
2025-05-18,15.331078833333336,0.2279946300833333,0.0,13.814999691666666,0.0,27.625,9.583333333333334,27.10381608333333,255.25,1016.4125
2025-05-19,16.849411891666666,0.30795905875,0.0,14.579999541666666,51.083333333333336,14.0,1.9166666666666667,31.634406875,302.3333333333333,1015.9333333333334
2025-05-20,16.745662020833333,0.2810692475,0.1583333333333333,12.149999604166666,85.0,62.79166666666666,7.0,13.481516325,155.91666666666666,1015.2958333333332
2025-05-21,15.903578708333333,0.2459824443333333,0.1916666666666666,16.904999541666665,85.66666666666667,69.54166666666667,23.666666666666668,11.697285116666668,179.33333333333334,1014.0916666666668
2025-05-22,12.826495270833334,0.1178917394166666,0.2041666666666667,20.054999475,35.083333333333336,67.79166666666667,56.625,11.1709452625,168.75,1013.8666666666668
2025-05-23,12.235662058333332,0.1180098609583333,0.0333333333333333,17.5649995625,0.0833333333333333,48.833333333333336,23.791666666666668,15.6340488875,244.875,1017.7666666666668
2025-05-24,13.220245295833331,0.16941696375,0.0041666666666666,15.419999729166667,78.41666666666667,65.375,14.958333333333334,12.00600447875,277.4166666666667,1019.6416666666668
2025-05-25,16.6277453125,0.2761560561666666,0.0666666666666666,28.6349995,47.75,73.20833333333333,27.125,11.74226295,172.33333333333334,1017.3291666666668
2025-05-26,15.177745083333331,0.2157393800416666,0.225,19.829999425,56.708333333333336,70.25,63.41666666666666,9.2163297875,132.08333333333334,1020.3791666666666
2025-05-27,15.85357875,0.2438991124166666,0.0,18.97499958333333,63.125,70.625,39.625,13.082659870833332,186.58333333333331,1022.0583333333334
2025-05-28,15.565245333333332,0.2318852225,0.3458333333333334,32.33999920833333,66.58333333333333,70.58333333333333,54.54166666666666,5.6599676875,104.58333333333331,1021.6916666666666
2025-05-29,17.350661833333334,0.306277573125,0.0083333333333333,16.709999729166665,26.20833333333333,28.125,36.958333333333336,19.524390325,241.66666666666663,1024.4458333333334
2025-05-30,19.88691189583333,0.41228409805,0.0,10.769999583333332,3.9583333333333335,1.7916666666666667,1.0,38.87,332.375,1022.1083333333332
2025-05-31,22.546911958333336,0.5183075468333334,0.0041666666666666,12.974999541666667,36.75,12.416666666666666,0.0416666666666666,34.28989454166667,324.625,1018.6666666666666
2025-06-01,22.13024533333333,0.5054268833333333,0.1458333333333333,23.05499964583333,90.75,29.625,7.708333333333333,26.778661,223.375,1016.3291666666668
2025-06-02,17.802328666666668,0.3250970229166667,0.7041666666666666,23.36999954166667,97.0,61.958333333333336,55.583333333333336,12.3777019375,117.25,1017.5208333333334
2025-06-03,18.60982879166667,0.3587428620833333,0.1458333333333333,23.5049996625,64.875,41.25,29.83333333333333,19.76924766666667,193.41666666666663,1015.025
2025-06-04,17.671078791666666,0.31962828375,0.8374999999999999,24.674999729166668,88.25,70.45833333333333,20.08333333333333,9.485409658333332,146.54166666666666,1012.1833333333334
2025-06-05,17.576911958333334,0.3157046679166667,0.0208333333333333,26.174999291666666,46.25,61.125,25.75,17.151929173750002,202.16666666666663,1014.5333333333332
2025-06-06,19.691495208333333,0.4038123008333333,0.0791666666666666,32.954999,33.333333333333336,64.41666666666667,39.208333333333336,15.76339725,159.70833333333334,1014.8041666666668
2025-06-07,17.022328666666667,0.2925970279166667,0.1416666666666667,29.144999291666664,49.25,74.70833333333333,35.375,11.602076475,147.41666666666666,1014.775
2025-06-08,16.196495333333335,0.25832576625,0.0541666666666666,37.63499922916667,6.333333333333333,36.083333333333336,28.20833333333333,22.96799225,206.66666666666663,1019.2375
2025-06-09,15.9156618,0.2582021055833333,0.0,12.3449997,0.0,0.0,0.25,39.79640116666666,340.9583333333333,1023.7833333333332
2025-06-10,17.848995354166664,0.3336721453333333,0.0,16.664999695833334,46.375,0.0,0.0,32.526590500000005,327.4166666666667,1019.7041666666668
2025-06-11,19.936495416666663,0.41402063875,0.0,16.7549995,14.708333333333334,0.0,0.1666666666666666,38.95278820833333,333.3333333333333,1018.7916666666666
2025-06-12,22.5085785,0.5163453055833334,0.0,13.394999583333332,21.041666666666668,2.5,0.0,36.85545058333333,336.0416666666667,1016.2625
2025-06-13,25.730245625,0.6186869345833333,0.0,13.664999520833334,58.0,10.166666666666666,0.0416666666666666,31.54959195833333,309.125,1017.9875
2025-06-14,26.318162416666667,0.6458917908333334,0.0,17.849999383333333,26.75,5.875,0.0,37.0946195,320.4166666666667,1018.2458333333334
2025-06-15,20.871495291666665,0.4529789658333333,0.3999999999999999,20.5049996875,67.04166666666667,48.333333333333336,30.666666666666668,17.8953546,169.125,1020.875
2025-06-16,18.915245625,0.3714685662499999,0.0083333333333333,20.699999354166668,0.375,50.375,35.875,20.233459625,229.5,1026.2875
2025-06-17,20.551078666666665,0.4396282763333333,0.0,20.09999977083333,0.4166666666666667,0.0,0.7083333333333334,39.82775879166667,340.9166666666667,1023.7
2025-06-18,21.725661958333333,0.4885692466666667,0.0,15.1649996875,30.25,0.25,3.625,36.60075079166666,336.1666666666667,1022.3583333333332
2025-06-19,23.51024525,0.5619186570833333,0.0,20.879999604166667,0.0,6.291666666666667,12.0,35.607919458333335,322.3333333333333,1021.7166666666668
2025-06-20,23.303162041666667,0.554002845,0.0,20.579999479166663,15.125,0.4166666666666667,1.8333333333333333,38.57496841666667,337.2083333333333,1021.1916666666666
2025-06-21,23.243578666666664,0.5476300362500001,0.0,13.5149995625,13.833333333333334,0.875,0.0,37.72074920833334,325.4583333333333,1019.5083333333332
2025-06-22,25.640662416666668,0.61064874125,0.0,16.54499925,19.25,1.8333333333333333,0.0,38.94284054166666,333.375,1017.2083333333334
2025-06-23,24.81191204166667,0.6171629979166667,0.0083333333333333,33.4499993125,31.20833333333333,10.875,7.458333333333333,32.52662770833333,289.6666666666667,1016.0833333333334
2025-06-24,22.84274533333333,0.53511439,0.0,21.524999354166667,0.0,0.2083333333333333,0.375,40.16388891666667,335.7083333333333,1017.0708333333332
2025-06-25,25.672329375,0.6034959554166667,0.0,13.949999854166668,49.208333333333336,3.0,0.0,33.86711883333333,328.9166666666667,1014.2916666666666
2025-06-26,23.757328583333333,0.5732220275000001,0.0333333333333333,31.259999166666663,45.75,27.125,3.208333333333333,28.912339,245.70833333333331,1017.6166666666668
2025-06-27,23.260662208333333,0.5525275895833334,0.0,17.63999945833333,25.83333333333333,32.458333333333336,31.95833333333333,18.30112254166667,200.66666666666663,1023.8166666666666
2025-06-28,25.578995375,0.6250593066666666,0.0,13.154999929166664,8.708333333333334,7.166666666666667,5.666666666666667,33.50629541666667,317.8333333333333,1024.8708333333332
2025-06-29,26.88566275,0.6600237325,0.0,21.329999541666663,2.4166666666666665,0.9166666666666666,0.1666666666666666,39.95655845833333,332.1666666666667,1021.6875
2025-06-30,27.777746125,0.68142955375,0.0,16.979999625,33.208333333333336,16.041666666666668,1.5,33.32143645833333,284.2083333333333,1016.9625
2025-07-01,27.561078958333336,0.69186358875,0.0208333333333333,15.329999625,38.5,8.208333333333334,0.0833333333333333,32.632979625,293.9166666666667,1016.2375
2025-07-02,28.305246291666663,0.6893114983333334,0.0125,15.074999791666668,11.125,13.25,0.0,35.152427458333335,303.2916666666667,1015.0583333333334
2025-07-03,24.215661875,0.5923192375,0.1041666666666666,22.99499941666667,13.166666666666666,30.08333333333333,29.041666666666668,23.28439820833333,254.70833333333331,1021.7041666666668
2025-07-04,23.158578625,0.5482741054166667,0.0625,20.3849995625,0.125,8.666666666666666,3.0416666666666665,38.65279833333333,329.9166666666667,1023.5166666666668
2025-07-05,23.489828625,0.55728281125,0.0,15.7049996375,27.041666666666668,0.9583333333333334,0.0416666666666666,36.061458,342.5,1017.6791666666668
2025-07-06,20.004412,0.4168504945833333,0.075,23.129999566666665,82.16666666666667,56.25,17.958333333333332,14.213089091666667,163.45833333333334,1011.5333333333332
2025-07-07,17.023161958333333,0.2926317479166667,0.2875,32.24999883333333,37.41666666666666,66.33333333333333,55.208333333333336,9.345286345833332,147.125,1008.9208333333332
2025-07-08,14.946912166666666,0.2061213376666666,0.175,26.62499958333333,38.25,70.04166666666667,50.375,9.433164545833334,229.33333333333331,1016.625
2025-07-09,16.361078541666668,0.2650449402916666,0.0,15.194999666666666,1.7916666666666667,46.5,45.625,14.299249425,225.75,1022.1666666666666
2025-07-10,18.928995354166663,0.37204147425,0.0,18.089999666666667,0.2083333333333333,16.666666666666668,14.291666666666666,29.41769108333333,312.0833333333333,1021.025
2025-07-11,20.737328916666662,0.44738870625,0.0,18.8849995625,1.5,9.916666666666666,4.833333333333333,34.0594415,284.2083333333333,1017.0625
2025-07-12,20.88899533333333,0.4537081379166667,0.0,15.8699996875,23.375,7.416666666666667,2.75,32.718448208333335,325.25,1013.1625
2025-07-13,22.78899525,0.5305297716666667,0.0125,19.7849996875,0.3333333333333333,21.875,0.7083333333333334,30.337388333333333,274.875,1011.8833333333332
2025-07-14,22.903578541666665,0.5376491058333334,0.1416666666666666,27.194999291666665,35.875,54.708333333333336,8.208333333333334,19.46805505,200.08333333333331,1018.3291666666668
2025-07-15,22.493162,0.5205484133333333,0.0041666666666666,25.949999708333333,54.79166666666666,44.29166666666666,8.583333333333334,23.25364770833333,230.66666666666663,1019.6541666666668
2025-07-16,20.269828625,0.4279095237499999,0.0541666666666666,29.474999625,31.541666666666668,80.16666666666667,25.25,6.020258266666667,143.66666666666666,1018.4
2025-07-17,19.936495291666667,0.41402063625,0.0166666666666666,17.0999998125,4.541666666666667,41.875,43.29166666666666,13.074551354166664,247.33333333333331,1018.1875
2025-07-18,21.679828625,0.4866595234999999,0.0,14.279999679166666,29.875,2.25,0.6666666666666666,34.838164625,314.4166666666667,1014.1583333333332
2025-07-19,21.604411916666667,0.4835171629166666,0.0166666666666666,18.974999604166666,70.83333333333333,34.208333333333336,2.5,20.8041919125,212.41666666666663,1010.3
2025-07-20,22.04691191666667,0.50106881625,0.2583333333333333,17.099999583333332,84.16666666666667,45.583333333333336,6.958333333333333,19.5982661,239.125,1007.375
2025-07-21,20.140661833333333,0.4225275758333333,0.0791666666666666,26.699999416666667,68.16666666666667,62.75,14.291666666666666,16.838973195833333,184.91666666666663,1009.0083333333332
2025-07-22,19.38732870833333,0.3911386929166666,0.0208333333333333,32.144999104166665,0.875,36.708333333333336,33.583333333333336,22.0399336875,191.20833333333331,1015.0291666666668
2025-07-23,19.77399539583333,0.4072498035416667,0.0124999999999999,14.999999666666666,66.125,28.08333333333333,14.0,24.744931770833333,250.33333333333331,1014.0958333333332
2025-07-24,19.34357870833333,0.3893157833333333,0.1666666666666666,13.709999529166666,42.208333333333336,38.0,18.75,21.475974458333337,231.08333333333331,1014.1375
2025-07-25,18.991911916666663,0.3746629933333333,0.0291666666666666,15.794999787499998,39.833333333333336,24.45833333333333,9.958333333333334,27.84945295833333,167.70833333333334,1016.2125
2025-07-26,19.21274525,0.3838643908333333,0.5916666666666667,17.744999841666665,22.416666666666668,30.625,43.333333333333336,18.071766341666667,200.625,1016.4
2025-07-27,18.955661958333334,0.37315257875,0.4791666666666667,20.98499945833333,57.625,58.54166666666666,20.70833333333333,16.488566487499998,162.95833333333334,1014.6083333333332
2025-07-28,16.075245374999998,0.2531352245833333,0.3875,20.609999666666667,16.291666666666668,70.41666666666667,49.208333333333336,7.762471841666667,105.0,1017.1083333333332
2025-07-29,17.560662125,0.3150275866666667,0.0499999999999999,13.7699996875,3.7083333333333335,35.625,22.416666666666668,21.887513958333333,246.16666666666663,1019.475
2025-07-30,16.943578625,0.2893157735,0.075,16.42499975,18.95833333333333,70.91666666666667,13.25,5.5917999541666665,137.625,1018.7583333333332
2025-07-31,19.077328541666667,0.3782220191666667,0.025,16.709999375,21.58333333333333,56.41666666666666,34.083333333333336,17.05646691666667,201.16666666666663,1018.1833333333334
2025-08-01,19.359828708333332,0.3899928608333333,0.3833333333333333,21.5399996875,45.458333333333336,34.875,14.208333333333334,26.596695929166668,204.41666666666663,1013.7166666666668
2025-08-02,16.046911895833333,0.2519546666666666,0.9708333333333332,17.0099996875,51.375,72.79166666666667,42.91666666666666,7.153984257083334,125.66666666666669,1015.4541666666668
2025-08-03,17.083161916666665,0.2951317435,0.0,14.519999708333332,49.66666666666666,43.125,31.95833333333333,16.828113945833334,188.45833333333331,1020.9375
2025-08-04,19.047745375,0.3769893870833333,0.0124999999999999,16.724999604166666,47.875,29.95833333333333,18.916666666666668,21.0605856625,204.75,1021.6
2025-08-05,20.2431619375,0.4267984095833333,0.0166666666666666,22.214999604166668,8.791666666666666,20.541666666666668,6.541666666666667,25.344437450833336,225.70833333333331,1020.6666666666666
2025-08-06,17.551912041666665,0.3146630016666666,0.0,19.2149994375,65.20833333333333,7.458333333333333,14.166666666666666,26.7939945,267.5833333333333,1023.0583333333334
2025-08-07,19.89524533333333,0.4123018812499999,0.0,13.66499975,2.0,2.75,1.0416666666666667,35.817171083333335,295.5416666666667,1019.0416666666666
2025-08-08,22.802328625,0.5136009766666667,0.0,13.7699996875,0.0,0.0,0.0,36.71875,297.875,1019.0916666666668
2025-08-09,25.13107925,0.581170005,0.0,15.119999791666666,1.9583333333333333,0.0,0.0,36.23630058333333,290.875,1019.7375
2025-08-10,23.17024533333333,0.5487602179166666,0.0,22.24499939583333,0.0,0.0,0.0,36.46805558333333,290.4583333333333,1024.0333333333333
2025-08-11,23.210245458333333,0.5384104383333334,0.0,18.734999770833333,0.0,0.0,0.0,36.343055541666665,293.2083333333333,1020.15
2025-08-12,25.923579291666663,0.60901722375,0.0,13.409999583333333,0.4583333333333333,1.25,0.0,35.595987541666666,285.8333333333333,1016.275
2025-08-13,26.70899625,0.62783623625,0.0,14.864999604166668,7.5,5.208333333333333,0.0,32.35948104166667,282.4166666666667,1015.9875
2025-08-14,26.629829458333333,0.6500410958333334,0.0,14.504999729166665,14.375,5.583333333333333,0.0833333333333333,33.78014275,274.6666666666667,1018.2708333333334
2025-08-15,26.491912375,0.6598674908333334,0.0875,14.819999879166666,28.20833333333333,8.541666666666666,0.7083333333333334,31.60569620833333,247.79166666666663,1020.1583333333332
2025-08-16,24.930662,0.6203040750000001,0.0499999999999999,18.149999270833334,14.458333333333334,17.833333333333332,11.625,27.286497041666667,228.45833333333331,1019.3083333333334
2025-08-17,21.802745541666667,0.4917810616666667,0.0,23.324999291666668,0.0833333333333333,0.4583333333333333,12.708333333333334,30.133430916666665,262.25,1018.4375
2025-08-18,21.504412104166665,0.4793505029166667,0.0,17.234999249999998,14.416666666666666,0.0416666666666666,1.8333333333333333,35.098042625,277.5416666666667,1016.3708333333334
2025-08-19,23.3623285,0.5488626808333333,0.0083333333333333,17.1449996875,42.29166666666666,17.083333333333332,0.4583333333333333,31.093503791666667,261.25,1012.8458333333332
2025-08-20,20.520245416666665,0.4383435570833333,0.5375,12.929999425,97.5,75.125,13.666666666666666,10.835402841666664,120.0,1010.1166666666668
2025-08-21,18.010661958333333,0.3337775825,1.4125,15.449999645833332,89.5,91.29166666666669,25.625,2.102798825,53.16666666666666,1010.2791666666668
2025-08-22,18.378161875,0.3490900775,0.0,18.359999770833333,0.7916666666666666,51.125,64.79166666666667,11.68412615,196.33333333333331,1016.8458333333332
2025-08-23,16.491495354166666,0.2704789729166666,0.0,15.8249993125,23.166666666666668,50.583333333333336,59.5,10.298927254166664,216.75,1019.2458333333334
2025-08-24,16.328162,0.2636734185416666,0.0,16.484999708333334,0.0,19.45833333333333,30.83333333333333,19.076234666666668,213.625,1019.2333333333332
2025-08-25,17.453995208333335,0.3123179715416667,0.0,12.119999479166667,16.166666666666668,0.6666666666666666,1.9166666666666667,31.59461579166667,261.0416666666667,1017.6916666666666
2025-08-26,20.754828375,0.4473873990833333,0.1541666666666666,16.634999541666666,47.583333333333336,25.58333333333333,0.2083333333333333,27.42229231583333,249.875,1013.7166666666668
2025-08-27,21.17274545833333,0.4655310575,0.2583333333333333,19.87499958333333,63.54166666666666,19.25,9.375,26.671374333333333,139.83333333333334,1011.3833333333332
2025-08-28,18.761912041666665,0.3650796704166666,1.0125,18.449999791666663,99.41666666666669,78.91666666666667,43.91666666666666,8.133922296666666,79.16666666666667,1008.3583333333332
2025-08-29,17.653995458333334,0.3189164716666666,0.3958333333333333,22.91999977083333,39.0,45.958333333333336,27.75,17.249929945833333,216.375,1006.7333333333332
2025-08-30,16.987745375,0.29115605375,0.0333333333333333,22.544999291666667,14.708333333333334,28.666666666666668,33.208333333333336,20.4075475,176.29166666666666,1012.1
2025-08-31,19.0023286875,0.3750970303333333,0.0,15.599999541666667,14.541666666666666,46.875,40.04166666666666,14.999803892916669,190.04166666666663,1011.55
2025-09-01,17.561912083333333,0.3150796708333333,0.5916666666666667,14.534999583333333,77.45833333333333,82.25,26.791666666666668,5.8333334875,87.91666666666667,1011.2208333333332
2025-09-02,17.072328770833334,0.2946803629166666,0.0083333333333333,19.0349995,22.291666666666668,37.0,33.458333333333336,17.458501708333333,189.04166666666663,1013.4625
2025-09-03,19.9089953125,0.4128748008333333,0.0208333333333333,23.039999166666664,38.16666666666666,31.83333333333333,21.625,21.74867412916667,192.25,1013.3875
2025-09-04,17.973995479166668,0.3322498045833333,0.3374999999999999,17.279999333333333,77.08333333333333,60.583333333333336,8.541666666666666,8.065768616666666,110.04166666666669,1015.5708333333332
2025-09-05,15.931078541666666,0.2471282743333333,0.0291666666666666,16.109999458333334,18.08333333333333,37.333333333333336,26.20833333333333,18.504314154166668,137.08333333333334,1022.55
2025-09-06,15.787745166666667,0.2455810107499999,0.0,16.6049995,40.458333333333336,1.5,0.875,27.59171029166667,236.66666666666663,1021.9166666666666
2025-09-07,18.121078583333333,0.3383782797083333,0.0,14.504999479166663,47.54166666666666,0.0,0.0833333333333333,28.434743204166665,235.25,1016.9458333333332
2025-09-08,18.20274525,0.3417810529166666,0.0833333333333333,12.839999570833331,82.45833333333333,47.75,8.833333333333334,9.3291529625,108.54166666666669,1016.5375
2025-09-09,17.315662145833333,0.3048192483333333,0.2625,16.919999654166666,56.833333333333336,47.958333333333336,40.66666666666666,15.866722522875,133.41666666666666,1014.8125
2025-09-10,16.6594119375,0.2774754916666667,0.0,11.849999570833331,45.375,32.208333333333336,30.70833333333333,20.9112161425,155.5,1010.2916666666666
2025-09-11,16.830662020833334,0.2846109154166666,0.0166666666666666,31.694999541666665,1.5416666666666667,53.0,33.291666666666664,16.371626125000002,157.70833333333334,1013.4166666666666
2025-09-12,15.492328625,0.22884702425,0.1375,22.8299995,26.291666666666668,43.958333333333336,31.375,19.06768875,152.66666666666666,1019.7625
2025-09-13,15.721495249999998,0.2383956359583333,0.0416666666666666,20.384999270833333,87.66666666666667,44.41666666666666,12.5,16.442305505833335,150.58333333333334,1018.7333333333332
2025-09-14,17.986912020833334,0.3327879966666666,0.2583333333333333,30.52499958333333,10.833333333333334,61.75,64.16666666666667,12.661258779166667,118.125,1017.9166666666666
2025-09-15,20.376078416666665,0.4323366133333333,0.0458333333333333,43.25999920833333,1.2083333333333333,37.875,60.083333333333336,17.552896720833335,146.375,1017.1458333333334
2025-09-16,15.604828729166668,0.233534529375,0.0,30.929999625,76.66666666666667,41.583333333333336,45.458333333333336,13.248351458333332,135.29166666666666,1023.6416666666668
2025-09-17,15.414411916666666,0.2256004980416666,0.0,14.1899993125,20.291666666666668,26.125,9.333333333333334,20.9197883125,144.95833333333334,1024.9666666666667
2025-09-18,16.552328729166668,0.2755818664791666,0.0,13.1399993125,0.0,0.0416666666666666,0.0,31.141666583333333,211.91666666666663,1025.2041666666669
2025-09-19,17.970245333333335,0.3325093619458333,0.0,13.6949993125,6.666666666666667,0.0833333333333333,0.0,30.794598166666663,208.95833333333331,1024.3416666666667
2025-09-20,21.15774545833333,0.4649060679166666,0.0,17.309999583333333,27.70833333333333,9.833333333333334,0.375,28.24388233333333,193.0,1018.4833333333332
2025-09-21,18.1685786875,0.3403574433333333,0.9958333333333332,23.9849995,86.45833333333333,75.58333333333333,24.875,4.8961490125000005,48.25,1014.5875
2025-09-22,12.498995333333331,0.104124805375,1.1458333333333333,28.094999625,62.29166666666666,90.33333333333331,95.08333333333331,0.6052469500000001,19.25,1015.4958333333334
2025-09-23,10.951495416666669,0.0396456384583333,0.475,20.4449995,45.333333333333336,68.66666666666667,78.66666666666667,1.6614337566666666,37.41666666666666,1018.2166666666668
2025-09-24,11.1098285,0.0462428555416666,0.1625,17.714999583333334,62.91666666666666,69.875,97.91666666666669,0.6565657333333333,31.291666666666668,1017.625
2025-09-25,11.443995333333334,0.0608257678708333,0.1166666666666666,11.2349996875,92.375,92.33333333333331,55.25,0.8105499749999999,55.958333333333336,1018.8958333333334
