Date,Alteraciones de la respiración (count),Análisis del Sueño [Total] (hr),Análisis del Sueño [Asleep] (hr),Análisis del Sueño [In Bed] (hr),Análisis del Sueño [Core] (hr),Análisis del Sueño [Deep] (hr),Análisis del Sueño [REM] (hr),Análisis del Sueño [Awake] (hr),Frecuencia Cardíaca [Min] (count/min),Frecuencia Cardíaca [Max] (count/min),Frecuencia Cardíaca [Avg] (count/min),Frecuencia respiratoria (count/min),Hora de Estar de Pie de Apple (count),Minutos Conscientes (min),Promedio de Frecuencia Cardíaca al Caminar (count/min),Temperatura de Muñeca Mientras Duerme de Apple (degC),Tiempo de Ejercicio de Apple (min),Tiempo de Movimiento de Apple (min),Tiempo en Luz de Día (min),Variabilidad de Frecuencia Cardíaca (ms) 
2024-04-18 00:00:00,,7.316666666666665,0.0,7.316666666666666,4.833333333333332,0.8333333333333334,1.65,0.10833333333333334,43,152,43,14.83,15,,90,,22,,43,83.06,
2024-04-19 00:00:00,,7.233333333333333,0.0,7.233333333333333,4.675,0.5416666666666667,2.0166666666666666,0.11666666666666667,47,158,47,13.84,14,,93,,64,,,66.71,
2024-04-20 00:00:00,,9.249999999999996,0.0,9.25,6.8249999999999975,0.6916666666666667,1.7333333333333334,0.19999999999999998,42,113,42,14.28,13,,,,11,,6,95.21,
2024-04-21 00:00:00,,7.199999999999999,0.0,7.200000000000001,4.875,0.6916666666666668,1.6333333333333333,0.25,46,147,46,14.57,14,,89,,66,,66,101.29,
2024-04-22 00:00:00,,7.749999999999999,0.0,7.75,5.166666666666666,0.8166666666666667,1.7666666666666666,0.2583333333333333,45,143,45,14.5,14,,93,,47,,45,105.86,
2024-04-23 00:00:00,,7.900000000000001,0.0,7.9,4.983333333333334,1.1083333333333334,1.8083333333333333,0.45833333333333337,42,124,42,15.17,12,,,,50,,86,80.8,
2024-04-24 00:00:00,,9.283333333333335,0.0,9.283333333333333,6.425000000000001,0.825,2.033333333333333,0.15833333333333333,45,138,45,13.81,8,,93,,28,,64,80.72,
2024-04-25 00:00:00,,5.016666666666667,0.0,5.016666666666666,3.308333333333333,0.9249999999999999,0.7833333333333333,0.23333333333333334,43,125,43,15.08,12,,,,18,,5,104.34,
2024-04-26 00:00:00,,8.475,0.0,8.475,5.775,0.6916666666666667,2.0083333333333333,0.19999999999999998,48,148,48,13.28,10,,104,,69,,121,100.47,
2024-04-27 00:00:00,,9.3,0.0,9.3,6.2749999999999995,0.9333333333333332,2.091666666666667,0.3833333333333334,47,160,47,14.8,13,,124,,31,,,88.23,
2024-04-28 00:00:00,,8.1,0.0,8.100000000000001,5.091666666666667,1.0416666666666665,1.9666666666666668,0.15833333333333333,49,169,49,14.91,12,,106,,12,,11,79.27,
2024-04-29 00:00:00,,8.233333333333334,0.0,8.233333333333333,5.825,0.6916666666666667,1.7166666666666668,0.11666666666666667,43,109,43,16.01,11,,103,,13,,15,93.19,
2024-04-30 00:00:00,,6.408333333333334,0.0,6.408333333333333,4.033333333333334,1.0916666666666666,1.2833333333333332,0.1,42,146,42,16.22,12,,84,,16,,89,65.59,
2024-05-01 00:00:00,,7.916666666666668,0.0,7.916666666666667,5.500000000000001,0.7333333333333334,1.6833333333333336,0.13333333333333333,44,118,44,15.84,9,,111,,15,,29,78.97,
2024-05-02 00:00:00,,8.666666666666666,0.0,8.666666666666666,5.416666666666666,0.9333333333333333,2.3166666666666664,0.09166666666666666,45,146,45,15.88,13,,63,,35,,78,97.4,
2024-05-03 00:00:00,,6.858333333333334,0.0,6.858333333333333,5.0166666666666675,0.6916666666666668,1.15,0.27499999999999997,45,157,45,15.05,14,,108,,37,,97,72.59,
2024-05-04 00:00:00,,8.433333333333332,0.0,8.433333333333334,5.999999999999999,0.475,1.9583333333333335,0.14166666666666666,49,162,49,15.26,12,,90,,37,,94.34,67.05,
2024-05-05 00:00:00,,8.591666666666669,0.0,8.591666666666667,5.575000000000001,0.8999999999999999,2.1166666666666663,0.24999999999999997,50,188,50,15.52,14,,,,106,,191.66,69.43,
2024-05-06 00:00:00,,6.491666666666666,0.0,6.491666666666667,4.258333333333333,0.6416666666666667,1.5916666666666668,0.24166666666666664,48,138,48,15.96,10,,94,,34,,118,76.46,
2024-05-07 00:00:00,,8.491666666666667,0.0,8.491666666666667,5.708333333333334,0.8999999999999999,1.8833333333333333,0.3,48,152,48,13.55,13,,94,,69,,343.38,113.07,
2024-05-08 00:00:00,,4.941666666666666,0.0,4.941666666666666,3.4416666666666664,0.625,0.875,0.45,49,138,49,14.77,18,,,,34,,159.62,68.62,
2024-05-09 00:00:00,,5.758333333333333,0.0,5.758333333333334,3.5499999999999994,1.2166666666666663,0.9916666666666667,0.16666666666666666,49,118,49,13.06,12,,90,,14,,64,73.34,
2024-05-10 00:00:00,,5.066666666666666,0.0,5.066666666666666,3.6750000000000003,0.6833333333333333,0.7083333333333333,0.19166666666666665,52,145,52,13.8,14,,,,37,,29,102.4,
2024-05-11 00:00:00,,7.833333333333333,0.0,7.833333333333334,4.666666666666666,1.525,1.6416666666666666,0.09166666666666666,49,133,49,13.01,14,,101,,50,,76,98.46,
2024-05-12 00:00:00,,8.241666666666667,0.0,8.241666666666667,6.158333333333334,0.6583333333333333,1.4249999999999998,0.175,45,160,45,13.7,13,,81,,50,,36.32,93.24,
2024-05-13 00:00:00,,6.908333333333333,0.0,6.908333333333333,4.041666666666667,0.8916666666666666,1.9749999999999999,0.09166666666666666,47,158,47,12.38,14,,,,143,,145.68,77.2,
2024-05-14 00:00:00,,8.791666666666668,0.0,8.791666666666666,5.55,1.1333333333333333,2.1083333333333334,0.15000000000000002,45,131,45,12.75,10,,93,,65,,231,94.63,
2024-05-15 00:00:00,,8.424999999999999,0.0,8.425000000000002,5.966666666666666,0.6916666666666667,1.7666666666666666,0.13333333333333333,38,148,38,12.81,11,,102.5,,72,,163,84.62,
2024-05-16 00:00:00,,8.608333333333334,0.0,8.608333333333333,5.241666666666666,1.0083333333333333,2.3583333333333334,0.08333333333333333,43,128,43,13.25,6,,107.5,,17,,36,78.98,
2024-05-17 00:00:00,,9.491666666666667,0.0,9.491666666666667,6.391666666666667,0.7666666666666666,2.3333333333333335,0.1,46,154,46,13.72,11,,109,,45,,205,77.57,
2024-05-18 00:00:00,,6.875,0.0,6.875,4.491666666666666,0.775,1.6083333333333334,0.13333333333333333,43,145,43,13.85,10,,113,,31,,175,100.03,
2024-05-19 00:00:00,,8.975,0.0,8.975,6.083333333333333,1.15,1.741666666666667,0.16666666666666666,38,165,38,13.35,10,,121,,66,,58,107.39,
2024-05-20 00:00:00,,5.991666666666666,0.0,5.991666666666667,4.1,0.6916666666666667,1.2000000000000002,0.13333333333333333,48,160,48,14.22,15,,,,37,,32,69.09,
2024-05-21 00:00:00,,0.0,0.0,5.617121094299688,0.0,0.0,0.0,0.0,47,160,47,14.89,7,,,,10,,8,81.38,
2024-05-22 00:00:00,,6.466666666666667,0.0,6.466666666666666,3.95,1.0,1.5166666666666666,0.27499999999999997,41,134,41,15.11,13,,92.5,,16,,32,75.97,
2024-05-23 00:00:00,,3.1750000000000003,0.0,3.175,2.0833333333333335,0.9416666666666667,0.15,0.14166666666666666,53,204,53,15.11,13,,,,52,,72,60.99,
2024-05-24 00:00:00,,8.083333333333334,0.0,8.083333333333334,5.6416666666666675,0.9583333333333334,1.4833333333333334,0.39166666666666666,45,138,45,13.99,13,,97,,16,,33,81.09,
2024-05-25 00:00:00,,8.875000000000002,0.0,8.875,6.366666666666668,0.7083333333333333,1.8,0.48333333333333334,44,110,44,14,13,,,,12,,109,76.55,
2024-05-26 00:00:00,,0.0,0.0,7.2575333444608585,0.0,0.0,0.0,0.0,59.8,99,59.8,15.21,4,,87.5,,4,,,72.04,
2024-05-27 00:00:00,,8.241666666666667,0.0,8.241666666666667,5.166666666666667,0.9083333333333333,2.1666666666666665,0.55,44,148,44,14.48,12,,103,,15,,33,69.77,
2024-05-28 00:00:00,,8.341666666666667,0.0,8.341666666666665,5.266666666666667,1.1500000000000001,1.925,0.19166666666666665,53,144,53,15.42,11,,,,29,,42,77.96,
2024-05-29 00:00:00,,0.0,0.0,4.420555555555556,0.0,0.0,0.0,0.0,48,154,48,,10,,106,,15,,129,87.18,
2024-05-30 00:00:00,,8.466666666666667,0.0,8.466666666666667,5.616666666666667,0.7666666666666666,2.0833333333333335,0.3,49,173,49,14.7,12,,,,17,,36,84.11,
2024-05-31 00:00:00,,8.183333333333334,0.0,8.183333333333334,4.866666666666667,1.3916666666666666,1.925,0.15,54,164,54,14.73,11,,127.5,,13,,10,80.78,
2024-06-01 00:00:00,,8.208333333333332,0.0,8.208333333333332,5.758333333333332,0.9583333333333334,1.4916666666666667,0.4583333333333333,52,148,52,16.12,15,,112,,21,,84,69.43,
2024-06-02 00:00:00,,9.55,0.0,9.549999999999999,6.058333333333333,1.1500000000000001,2.341666666666667,0.30833333333333335,48,94,48,15.1,6,,,,6,,227,83.01,
2024-06-03 00:00:00,,8.633333333333335,0.0,8.633333333333333,6.025000000000001,0.825,1.7833333333333337,0.11666666666666665,47,156,47,14.28,12,,97.5,,13,,84,124.7,
2024-06-04 00:00:00,,5.925000000000001,0.0,5.924999999999999,3.5166666666666666,0.8833333333333333,1.525,0.13333333333333336,49.78,163,49.78,15.04,13,,118,,32,,56,81.1,
2024-06-05 00:00:00,,7.1499999999999995,0.0,7.15,4.925,0.8166666666666668,1.4083333333333334,0.7583333333333335,53,165,53,15.08,15,,102,,42,,200,51.68,
2024-06-06 00:00:00,,4.125,0.0,4.125,3.058333333333333,0.8166666666666667,0.25,0.07500000000000001,55,180,55,16.41,18,,,,40,,178,55.45,
2024-06-07 00:00:00,,0.0,0.0,9.612434226108924,0.0,0.0,0.0,0.0,47,140,47,15.06,2,,125,,4,,,62.58,
2024-06-08 00:00:00,,4.716666666666667,0.0,4.716666666666667,3.7583333333333337,0.23333333333333334,0.7250000000000001,0.15833333333333333,50.91,171,50.91,15.94,16,,119.5,,18,,7,92.55,
2024-06-09 00:00:00,,5.483333333333333,0.0,5.483333333333333,3.3166666666666664,0.9083333333333333,1.2583333333333335,0.18333333333333335,51,101,51,16.92,14,,,,27,,,79.43,
2024-06-10 00:00:00,,8.266666666666666,0.0,8.266666666666666,5.483333333333333,0.6166666666666667,2.1666666666666665,0.9583333333333334,42,158,42,14,12,,109.5,,41,,311,94.16,
2024-06-11 00:00:00,,0.0,0.0,9.50051398055421,0.0,0.0,0.0,0.0,52,156,52,,11,,116,,66,,97,83.06,
2024-06-12 00:00:00,,0.0,0.0,7.967718096673488,0.0,0.0,0.0,0.0,53,177,53,18,19,,,,40,,66,60.24,
2024-06-13 00:00:00,,0.0,0.0,8.640766691101922,0.0,0.0,0.0,0.0,51,137,51,,13,,103,,26,,268,81.46,
2024-06-14 00:00:00,,7.533333333333333,0.0,7.533333333333333,4.858333333333333,1.0833333333333335,1.5916666666666668,0.075,45,153,45,14.94,13,,91,,11,,11,91.82,
2024-06-15 00:00:00,,5.058333333333334,0.0,5.058333333333334,2.833333333333334,0.9666666666666668,1.2583333333333333,0.09999999999999999,49,164,49,15.91,13,,101.5,,73,,111,69.12,
2024-06-16 00:00:00,,8.333333333333332,0.0,8.333333333333334,5.308333333333334,0.8833333333333333,2.1416666666666666,0.3,47,149,47,14.15,13,,91,,69,,257.25,87.98,
2024-06-17 00:00:00,,8.100000000000001,0.0,8.100000000000001,4.983333333333335,1.0,2.1166666666666667,0.7333333333333333,47,168,47,13.54,14,,135,,43,,218.75,106.3,
2024-06-18 00:00:00,,9.216666666666667,0.0,9.216666666666667,5.641666666666667,1.125,2.45,0.22499999999999998,41,163,41,14.31,6,,94.5,,17,,51,76.39,
2024-06-19 00:00:00,,9.166666666666668,0.0,9.166666666666666,6.1000000000000005,0.6416666666666667,2.425,0.17500000000000002,45,145,45,13.52,9,,101,,34,,113,81.3,
2024-06-20 00:00:00,,7.083333333333334,0.0,7.083333333333334,4.816666666666667,0.9,1.3666666666666665,0.2,47,154,47,12.99,17,,,,119,,102,67.66,
2024-06-21 00:00:00,,0.0,0.0,8.313038416935338,0.0,0.0,0.0,0.0,53,131,53,,9,,131,,6,,4,74.21,
2024-06-22 00:00:00,,9.408333333333331,0.0,9.408333333333333,6.016666666666666,1.0666666666666667,2.325,0.05,48,175,48,14.09,13,,132,,99,,118,77.43,
2024-06-23 00:00:00,,8.283333333333333,0.0,8.283333333333333,4.883333333333334,1.25,2.15,0.325,41,166,41,14.6,13,,113,,129,,186,67.05,
2024-06-24 00:00:00,,5.808333333333334,0.0,5.808333333333333,3.416666666666666,1.2750000000000001,1.1166666666666667,0.175,48,139,48,14.64,13,,137,,18,,14,64.61,
2024-06-25 00:00:00,,7.683333333333333,0.0,7.683333333333334,4.925,1.008333333333333,1.75,0.18333333333333332,46,175,46,14.33,14,,115,,190,,226,92.86,
2024-06-26 00:00:00,,7.2,0.0,7.2,4.233333333333333,1.2166666666666666,1.7500000000000002,0.075,48,148,48,14.86,11,,138,,56,,101,86.7,
2024-06-27 00:00:00,,7.7666666666666675,0.0,7.766666666666667,4.650000000000001,1.4,1.7166666666666666,0.016666666666666666,48,206,48,13.94,14,,109,,214,,263,58.74,
2024-06-28 00:00:00,,7.116666666666666,0.0,7.116666666666667,4.05,0.9833333333333333,2.083333333333333,0.2,43,136,43,14.96,14,,136,,1,,,68.7,
2024-06-29 00:00:00,,9.375000000000002,0.0,9.375,5.916666666666668,1.05,2.4083333333333337,0.0,49,207,49,15.01,11,,111.5,,91,,80,80.3,
2024-06-30 00:00:00,,7.208333333333333,0.0,7.208333333333334,4.625,1.2333333333333334,1.3499999999999999,0.19166666666666665,51,157,51,14.6,16,,81,,40,,31,76.37,
2024-07-01 00:00:00,,,,,,,,,47,145,47,15.41,13,,100,,24,,33,72.04,
2024-07-02 00:00:00,,8.733333333333334,0.0,8.733333333333336,5.591666666666667,1.0499999999999998,2.091666666666667,0.425,44,137,44,14.55,14,,97,,97,,89,84.1,
2024-07-03 00:00:00,,9.166666666666668,0.0,9.166666666666666,5.858333333333334,0.9916666666666667,2.316666666666667,0.1,44,138,44,14.99,10,,86,,22,,288.29,59.47,
2024-07-04 00:00:00,,6.875,0.0,6.875,5.033333333333333,0.43333333333333335,1.4083333333333332,0.23333333333333334,44,157,44,14.32,12,,106,,76,,160.71,84.77,
2024-07-05 00:00:00,,8.308333333333332,0.0,8.308333333333332,5.933333333333333,0.23333333333333334,2.141666666666666,0.6749999999999999,43,121,43,14.76,13,,,,16,,84,83.43,
2024-07-06 00:00:00,,7.1000000000000005,0.0,7.1,4.4,1.05,1.6500000000000001,0.15,44.8,173,44.8,15.97,14,,101,,46,,138,73.92,
2024-07-07 00:00:00,,9.566666666666666,0.0,9.566666666666666,6.658333333333333,0.7333333333333334,2.175,0.17500000000000002,45,122,45,15.19,12,,162.5,,30,,25,88,
2024-07-08 00:00:00,,7.733333333333335,0.0,7.733333333333335,5.125000000000002,0.875,1.7333333333333334,0.3333333333333333,45,205,45,14.74,14,,121,,128,,156,82.04,
2024-07-09 00:00:00,,7.441666666666667,0.0,7.441666666666666,4.675000000000001,0.8333333333333333,1.9333333333333333,0.15833333333333333,44,135,44,14.75,14,,114,,93,,95,83.72,
2024-07-10 00:00:00,,7.333333333333334,0.0,7.333333333333334,4.325,1.2583333333333333,1.7500000000000002,0.16666666666666669,41,177,41,14.8,11,,86,,34,,72,69.4,
2024-07-11 00:00:00,,8.491666666666665,0.0,8.491666666666667,5.3,0.9916666666666667,2.1999999999999997,0.19999999999999998,42,143,42,14.53,12,,104,,79,,140,88.91,
2024-07-12 00:00:00,,7.208333333333332,0.0,7.208333333333333,4.666666666666666,0.9750000000000001,1.5666666666666667,0.06666666666666667,43,105,43,14.68,8,,130,,9,,,57.51,
2024-07-13 00:00:00,,6.891666666666666,0.0,6.891666666666667,4.291666666666666,1.075,1.525,0.07500000000000001,40,178,40,14.58,14,,145,,217,,181,78.11,
2024-07-14 00:00:00,,6.841666666666667,0.0,6.841666666666666,4.366666666666667,0.8,1.675,0.008333333333333333,49,161,49,14.86,12,,106,,41,,73,76.18,
2024-07-15 00:00:00,,8.108333333333334,0.0,8.108333333333334,5.808333333333334,0.875,1.425,0.27499999999999997,43,137,43,14.21,8,,102,,37,,42,85.29,
2024-07-16 00:00:00,,7.158333333333333,0.0,7.158333333333333,4.275,1.2999999999999998,1.583333333333333,0.14166666666666666,45,140,45,14.22,13,,71,,36,,77,74.09,
2024-07-17 00:00:00,,7.883333333333335,0.0,7.883333333333333,4.7666666666666675,1.2333333333333334,1.8833333333333335,0.14166666666666666,40,136,40,14.74,14,,118.5,,41,,96,103.18,
2024-07-18 00:00:00,,7.958333333333332,0.0,7.958333333333334,4.741666666666666,0.8666666666666667,2.3499999999999996,0.20833333333333331,43,148,43,14.43,15,,111,,76,,82,81.47,
2024-07-19 00:00:00,,0.0,0.0,9.049173691107168,0.0,0.0,0.0,0.0,58,153,58,,9,,113.5,,43,,200,72.94,
2024-07-20 00:00:00,,5.033333333333333,0.0,5.033333333333333,3.9499999999999997,0.29166666666666663,0.7916666666666666,0.575,47,176,47,16.28,12,,,,51,,14,89.72,
2024-07-21 00:00:00,,5.674999999999999,0.0,5.675,4.783333333333332,0.24166666666666667,0.6499999999999999,0.14166666666666666,45,178,45,15.68,15,,115.5,,74,,11,77.49,
2024-07-22 00:00:00,,9.283333333333335,0.0,9.283333333333333,5.591666666666667,0.9166666666666667,2.7750000000000004,0.2916666666666667,41,160,41,15.08,12,,121,,49.04,,57.05,75.73,
2024-07-23 00:00:00,,7.6,0.0,7.6000000000000005,4.916666666666667,1.0166666666666666,1.6666666666666665,0.075,43,148,43,14.59,13,,115,,113.96,,80.95,74.79,
2024-07-24 00:00:00,,7.441666666666666,0.0,7.4416666666666655,4.866666666666666,0.9,1.6749999999999998,0.6416666666666667,43,157,43,15.18,14,,120.5,,102,,157,87.12,
2024-07-25 00:00:00,,4.875,0.0,4.875,3.125,0.5916666666666667,1.1583333333333332,0.05,46,159,46,14.68,14,,82,,42,,83,65.3,
2024-07-26 00:00:00,,7.408333333333335,0.0,7.408333333333334,4.750000000000001,0.9166666666666667,1.7416666666666667,0.20833333333333331,63,79.21,63,14.94,15,,,,10,,,94.06,
2024-07-27 00:00:00,,6.533333333333332,0.0,6.533333333333333,4.183333333333333,0.7083333333333333,1.6416666666666666,0.041666666666666664,47,185,47,14.11,15,,126.5,,76,,115,88.88,
2024-07-28 00:00:00,,5.75,0.0,5.75,4.75,0.016666666666666666,0.9833333333333333,0.2833333333333333,46,175,46,15.17,15,,68,,43,,12,98.54,
2024-07-29 00:00:00,,8.908333333333333,0.0,8.908333333333335,4.9750000000000005,0.9083333333333333,3.025,0.19166666666666665,37,147,37,14.4,9,,107,,11,,21,99.72,
2024-07-30 00:00:00,,7.408333333333334,0.0,7.408333333333334,4.708333333333334,0.5333333333333333,2.166666666666667,0.025,42,163,42,14.1,14,,97,,152,,150,86.72,
2024-07-31 00:00:00,,7.508333333333334,0.0,7.508333333333333,5.375,0.4666666666666667,1.6666666666666667,0.125,42,157,42,13.96,7,,97.5,,39,,60.31,128.89,
2024-08-01 00:00:00,,5.8583333333333325,0.0,5.8583333333333325,3.8833333333333333,0.8083333333333333,1.1666666666666665,0.15,49,176,49,16.24,15,,127,,75,,180.69,81.45,
2024-08-02 00:00:00,,7.008333333333333,0.0,7.008333333333332,5.033333333333332,0.3833333333333333,1.5916666666666668,0.41666666666666663,44,131,44,15.33,12,,105,,31,,18,74.7,
2024-08-03 00:00:00,,5.083333333333333,0.0,4.358333333333333,3.2916666666666665,0.5,1.2916666666666667,0.26666666666666666,46,175,46,14.64,12,,,,54,,15,120.55,
2024-08-04 00:00:00,,10.233333333333333,0.0,10.958333333333334,6.3999999999999995,0.9833333333333332,2.85,0.22499999999999998,37,142,37,13.75,12,1,116.5,,23,,31,96.12,
2024-08-05 00:00:00,,4.858333333333333,0.0,4.8583333333333325,3.708333333333333,0.2,0.9500000000000001,0.8083333333333333,42,151,42,15.96,15,,116,,75,,117.07,83.05,
2024-08-06 00:00:00,,9.033333333333333,0.0,9.033333333333333,5.225,1.0,2.808333333333333,0.06666666666666667,38,164,38,14.11,12,,130,,142,,185.59,91.21,
2024-08-07 00:00:00,,4.475,0.0,4.475,3.591666666666666,0.23333333333333334,0.65,0.25,48,176,48,17.27,19,,,,120,,157.78,88.57,
2024-08-08 00:00:00,,8.625,0.0,8.625,5.7250000000000005,0.9833333333333334,1.9166666666666663,0.2916666666666667,43,149,43,14.02,12,,89,,74,,81.56,77.32,
2024-08-09 00:00:00,,6.433333333333334,0.0,6.433333333333333,4.05,0.55,1.8333333333333335,0.075,40,185,40,15.59,14,,132,,120,,138,75.03,
2024-08-10 00:00:00,,4.183333333333334,0.0,4.183333333333334,2.7583333333333333,0.7749999999999999,0.65,0.016666666666666666,46,146,46,15.4,14,,89,,32,,30,72.08,
2024-08-11 00:00:00,,9.825,0.0,9.825000000000001,6.375,0.75,2.6999999999999997,0.4750000000000001,41,113,41,15.35,12,,73,,6,,118,92.42,
2024-08-12 00:00:00,,8.033333333333331,0.0,8.033333333333335,4.699999999999999,1.2833333333333332,2.05,0.14166666666666666,43,122,43,15.05,13,,88,,19,,229,102.04,
2024-08-13 00:00:00,,,,,,,,,48,117,48,14.85,14,,,,15,,39,68.64,
2024-08-14 00:00:00,,8.508333333333333,0.0,8.508333333333335,6.0666666666666655,0.7833333333333333,1.6583333333333334,0.09166666666666667,46,138,46,14.4,12,,95,,25,,127,91.23,
2024-08-15 00:00:00,,7.699999999999999,0.0,7.7,5.083333333333333,0.8666666666666667,1.75,0.075,46,143,46,14.53,13,,100.5,,17,,46,72.08,
2024-08-16 00:00:00,,4.191666666666667,0.0,4.191666666666666,2.6333333333333337,0.9166666666666666,0.6416666666666667,0.025,49,121,49,14.78,15,,,,20,,67,72.6,
2024-08-17 00:00:00,,5.7250000000000005,0.0,5.725000000000001,4.358333333333333,0.45,0.9166666666666667,0.4250000000000001,52,119,52,16.5,14,,91,,9,,,54.09,
2024-08-18 00:00:00,,9.416666666666666,0.0,9.416666666666668,6.508333333333333,1.0583333333333331,1.8499999999999999,0.075,46,137,46,15.7,9,,104,,26,,9,83.67,
2024-08-19 00:00:00,,6.425000000000001,0.0,6.425000000000001,4.666666666666667,0.7666666666666666,0.9916666666666667,0.3083333333333334,46,136,46,15.16,12,,,,34,,105,97.72,
2024-08-20 00:00:00,,,,,,,,,50,164,50,,11,,85.5,,36,,153,40.25,
2024-08-21 00:00:00,,6.749999999999999,0.0,6.75,4.424999999999999,0.6416666666666667,1.6833333333333333,0.27499999999999997,49.9,127,49.9,15.02,16,,,,88,,145,91.77,
2024-08-22 00:00:00,,,,,,,,,54,117,54,,10,,102.5,,17,,,77.89,
2024-08-23 00:00:00,,6.3500000000000005,0.0,6.3500000000000005,4.558333333333334,0.7416666666666667,1.0499999999999998,4.216666666666667,40,197,40,16.46,19,,98,,161,,229,63,
2024-08-24 00:00:00,,3.925,0.0,3.925,2.158333333333333,1.05,0.7166666666666667,0.05,57,150,57,13.92,14,,,,45,,,,
2024-08-25 00:00:00,,10.691666666666665,0.0,10.691666666666666,6.983333333333332,1.0083333333333333,2.6999999999999993,0.8750000000000001,42,123,42,14.13,11,,92,,5,,230,87.07,
2024-08-26 00:00:00,,6.375000000000001,0.0,6.375,4.408333333333334,0.9833333333333333,0.9833333333333333,0.06666666666666667,45,143,45,14.47,16,1,121,,71,,39,76.59,
2024-08-27 00:00:00,,6.608333333333334,0.0,6.6083333333333325,5.133333333333334,0.43333333333333335,1.0416666666666665,0.20833333333333331,45,131,45,14.43,16,,92,,23,,80,87.07,
2024-08-28 00:00:00,,7.574999999999999,0.0,7.574999999999998,5.324999999999999,0.8999999999999999,1.35,1.4833333333333334,43,142,43,14.66,14,,103,,56,,210,74.35,
2024-08-29 00:00:00,,10.216666666666667,0.0,10.216666666666665,6.833333333333333,0.8416666666666666,2.5416666666666665,0.675,45,174,45,15.5,13,,121,,89,,238,82.42,
2024-08-30 00:00:00,,,,,,,,,61.97,134,61.97,16.21,12,,96,,13,,12,66.29,
2024-08-31 00:00:00,,7.6416666666666675,0.0,7.6416666666666675,7.091666666666668,0.26666666666666666,0.2833333333333333,1.766666666666667,46,163,46,19.54,9,,,,26,,175,73.42,
2024-09-01 00:00:00,,9.666666666666666,0.0,9.666666666666666,6.258333333333334,1.4249999999999998,1.9833333333333332,0.6416666666666667,45,145,45,17.5,10,,107,,6,,58,96.58,
2024-09-02 00:00:00,,6.208333333333334,0.0,6.208333333333334,5.816666666666667,0.31666666666666665,0.075,1.2083333333333335,49,146,49,18.66,16,,99,,18,,93,85.65,
2024-09-03 00:00:00,,6.3916666666666675,0.0,6.391666666666667,4.950000000000001,0.2833333333333333,1.1583333333333332,1.0333333333333334,50,145,50,15.94,17,,100,,19,,66,81.27,
2024-09-04 00:00:00,,5.291666666666667,0.0,5.291666666666667,4.141666666666667,0.15,1.0,0.9083333333333333,44,131,44,14.49,13,,96,,10,,26,89.07,
2024-09-05 00:00:00,,5.833333333333333,0.0,5.833333333333332,4.066666666666666,0.6583333333333333,1.1083333333333334,0.34166666666666673,46,125,46,14.05,12,,79.5,,18,,34,103.4,
2024-09-06 00:00:00,,4.091666666666667,0.0,4.091666666666667,2.691666666666667,0.6833333333333333,0.7166666666666667,0.075,63,139,63,13.69,10,,,,21,,,,
2024-09-07 00:00:00,,,,,,,,,40,137,40,,3,,103,,7,,,25.63,
2024-09-08 00:00:00,,4.916666666666666,0.0,4.916666666666667,3.5666666666666655,0.44999999999999996,0.9000000000000001,0.5083333333333333,45,145,45,14.74,17,,102,,15,,61,87.23,
2024-09-09 00:00:00,,6.508333333333333,0.0,6.508333333333335,4.866666666666666,0.6250000000000001,1.0166666666666666,0.18333333333333332,40,134,40,13.95,15,,74,,14,,12,67.15,
2024-09-10 00:00:00,,0.0,0.0,7.42112345026599,0.0,0.0,0.0,0.0,48,144,48,16.67,14,,107,,12,,7,86.91,
2024-09-11 00:00:00,,7.3999999999999995,0.0,7.4,5.3999999999999995,0.8333333333333333,1.1666666666666667,0.19999999999999998,43,134,43,14.09,15,,,,26,,128,74.36,
2024-09-12 00:00:00,,6.799999999999999,0.0,6.8,4.516666666666667,0.9916666666666667,1.2916666666666665,0.2,48,203,48,15.02,13,,110,,90,,8,53.99,
2024-09-13 00:00:00,,7.074999999999999,0.0,7.075,4.708333333333333,0.9083333333333333,1.4583333333333333,0.24166666666666664,49,158,49,14.88,16,,123,,27,,210,80.16,
2024-09-14 00:00:00,,,,,,,,,50,117,50,,17,,100.5,,56,,157,94.42,
2024-09-15 00:00:00,,9.533333333333335,0.0,9.533333333333333,6.533333333333334,0.625,2.375,0.125,41,114,41,14.66,13,,,,24,,204,95.97,
2024-09-16 00:00:00,,6.800000000000001,0.0,6.800000000000001,4.925000000000001,0.8833333333333334,0.9916666666666667,0.18333333333333332,45,196,45,15.44,17,,110,,93,,41,70.43,
2024-09-17 00:00:00,,6.766666666666666,0.0,6.766666666666667,4.291666666666666,0.7833333333333332,1.6916666666666669,0.2333333333333333,44,123,44,14.69,15,1,84,,27,,37,85.82,
2024-09-18 00:00:00,,6.425000000000001,0.0,6.425,4.55,0.525,1.35,0.2833333333333333,53,191,53,14.99,12,,116,,100,,9,59.96,
2024-09-19 00:00:00,,6.383333333333333,0.0,6.383333333333334,3.9249999999999994,1.0166666666666666,1.4416666666666669,0.1,45,158,45,15.31,16,,,,27,,42,67.81,
2024-09-20 00:00:00,,7.058333333333334,0.0,7.058333333333333,4.5249999999999995,0.8083333333333333,1.725,0.44166666666666665,43,123,43,15.06,13,,100.5,,11,,76,90,
2024-09-21 00:00:00,,10.116666666666665,0.0,10.116666666666667,6.0,1.2083333333333333,2.9083333333333328,0.25833333333333336,52,97,52,14.52,9,,91.5,,19,,,83.48,
2024-09-22 00:00:00,,7.633333333333334,0.0,7.633333333333333,4.841666666666667,0.7916666666666666,2.0,0.20833333333333331,44,130,44,14.26,12,,83,,18,,23,118.25,
2024-09-23 00:00:00,,6.908333333333332,0.0,6.908333333333333,4.499999999999999,1.0666666666666667,1.3416666666666666,0.06666666666666667,42,130,42,14.14,13,,88,,21,,98,79.94,
2024-09-24 00:00:00,,0.0,0.0,6.814526307483514,0.0,0.0,0.0,0.0,48,135,48,17.78,14,,90,,27,,31,75.42,
2024-09-25 00:00:00,,7.575000000000001,0.0,7.574999999999999,4.116666666666667,1.5833333333333335,1.8749999999999998,0.08333333333333333,47,193,47,14.67,13,,115,,93,,1,65.9,
2024-09-26 00:00:00,,6.891666666666666,0.0,6.891666666666666,4.4833333333333325,0.7916666666666667,1.6166666666666667,0.24166666666666667,46,192,46,14.77,15,,105,,77,,20,92.19,
2024-09-27 00:00:00,,7.3,0.0,7.299999999999999,4.733333333333333,0.9583333333333334,1.6083333333333332,0.11666666666666667,45,153,45,13.9,15,,93,,50,,87,78.57,
2024-09-28 00:00:00,,,,,,,,,55,127,55,14.5,12,,105,,25,,141,104.23,
2024-09-29 00:00:00,,7.883333333333333,0.0,7.883333333333333,5.741666666666666,0.4916666666666667,1.65,0.14166666666666666,43,131,43,14.29,16,,,,20,,5,85.06,
2024-09-30 00:00:00,,6.983333333333333,0.0,6.983333333333333,4.766666666666667,0.8583333333333334,1.3583333333333334,0.125,46,188,46,14.67,13,,101,,89,,17,72.26,
2024-10-01 00:00:00,,7.291666666666666,0.0,7.291666666666667,4.6,1.4666666666666666,1.2249999999999999,0.27499999999999997,43,133,43,14.67,13,,,,23,,,85.45,
2024-10-02 00:00:00,,7.800000000000001,0.0,7.800000000000001,4.775000000000001,1.375,1.65,0.20833333333333331,45,67,45,14.46,9,,,,5,,,103.57,
2024-10-03 00:00:00,,7.525,0.0,7.5249999999999995,4.675000000000001,0.7666666666666666,2.0833333333333335,0.22499999999999998,46,137,46,15.44,17,,109,,19,,2,78.43,
2024-10-04 00:00:00,,7.875000000000002,0.0,7.875,5.700000000000001,0.7166666666666667,1.4583333333333335,0.09999999999999999,43,144,43,15.1,14,,128.5,,22,,27,64.43,
2024-10-05 00:00:00,,5.883333333333334,0.0,5.883333333333334,3.908333333333333,0.6333333333333334,1.3416666666666668,0.16666666666666669,54,191,54,15.1,17,,114,,61,,46,61.85,
2024-10-06 00:00:00,,,,,,,,,52,128,52,17.8,7,,97.5,,10,,58,68.76,
2024-10-07 00:00:00,,7.3500000000000005,0.0,7.35,3.9333333333333336,1.3833333333333335,2.033333333333333,0.125,46,145,46,15,13,,79,,52,,37,81.06,
2024-10-08 00:00:00,,7.066666666666666,0.0,7.066666666666667,4.9,0.725,1.4416666666666667,0.24999999999999997,48,80,48,14.8,10,,69,,17,,,65.87,
2024-10-09 00:00:00,,8.016666666666667,0.0,8.016666666666666,5.525,0.7,1.7916666666666667,0.375,45,132,45,14.67,14,,86,,19,,4,93.26,
2024-10-10 00:00:00,,7.558333333333334,0.0,7.558333333333334,5.025,0.7916666666666667,1.7416666666666665,0.15833333333333333,44,136,44,14.72,14,,,,30,,42,103.14,
2024-10-11 00:00:00,,9.174999999999999,0.0,9.174999999999999,6.541666666666666,0.625,2.0083333333333333,0.2333333333333333,44,122,44,14.17,8,,89,,31,,54,81.9,
2024-10-12 00:00:00,,8.858333333333334,0.0,8.858333333333334,5.95,0.9249999999999999,1.9833333333333334,0.45,43,136,43,14.2,11,,81,,15,,,95.77,
2024-10-13 00:00:00,,8.45,0.0,8.450000000000001,5.558333333333332,0.9916666666666667,1.9000000000000001,0.175,45,93,45,13.95,9,,,,13,,31,89.09,
2024-10-14 00:00:00,,6.575000000000001,0.0,6.575000000000001,4.341666666666668,0.7999999999999999,1.4333333333333333,0.20833333333333331,44,146,44,15.16,13,,104,,29,,9,76.31,
2024-10-15 00:00:00,,9.116666666666665,0.0,9.116666666666667,5.8583333333333325,0.9583333333333333,2.3,0.20833333333333331,41,193,41,14.29,12,,,,77,,,65.12,
2024-10-16 00:00:00,,8.274999999999999,0.0,8.275,6.208333333333333,0.7833333333333333,1.2833333333333332,0.041666666666666664,43,124,43,14.6,15,,80,,15,,30,67.7,
2024-10-17 00:00:00,,7.566666666666666,0.0,7.566666666666666,5.375,0.6416666666666666,1.5499999999999998,0.075,45,139,45,14.23,11,,,,11,,9,71.93,
2024-10-18 00:00:00,,0.0,0.0,6.540845514999497,0.0,0.0,0.0,0.0,50,175,50,20.5,15,,119.5,,35,,33,87.1,
2024-10-19 00:00:00,,9.641666666666666,0.0,9.64166666666667,6.583333333333333,1.3333333333333333,1.725,0.15,45,183,45,13.8,9,,,,20,,11,94.02,
2024-10-20 00:00:00,,,,,,,,,79,90,79,,1,,88,,5,,,,
2024-10-21 00:00:00,,5.516666666666667,0.0,5.516666666666667,3.2583333333333333,1.0083333333333333,1.25,0.15,47,193,47,15.12,17,,109,,95,,2,80.4,
2024-10-22 00:00:00,,6.874999999999999,0.0,6.875,4.924999999999999,0.7333333333333334,1.2166666666666668,0.18333333333333335,47,118,47,14.85,12,,86.5,,13,,,81.46,
2024-10-23 00:00:00,,7.583333333333332,0.0,7.583333333333334,5.1499999999999995,0.6916666666666667,1.7416666666666667,0.19166666666666665,46,129,46,15.5,14,,86,,15,,3,100.36,
2024-10-24 00:00:00,,7.008333333333333,0.0,7.008333333333333,4.7,0.9583333333333333,1.3499999999999999,0.10833333333333334,44,185,44,15.2,14,,115,,91,,,83.71,
2024-10-25 00:00:00,,7.016666666666666,0.0,7.016666666666666,4.549999999999999,0.8333333333333334,1.6333333333333333,0.08333333333333333,43,134,43,14.8,16,,134,,28,,4,79.21,
2024-10-26 00:00:00,,,,,,,,,49,172,49,16.47,15,,129,,42,,63,66.18,
2024-10-27 00:00:00,,6.0,0.0,6.0,4.041666666666667,0.5750000000000001,1.3833333333333333,0.075,49,153,49,15.5,17,,129,,21,,86,63.76,
2024-10-28 00:00:00,,7.3999999999999995,0.0,7.3999999999999995,5.116666666666666,0.5583333333333335,1.7249999999999999,0.19166666666666665,44,123,44,15.12,14,,94,,23,,,71.76,
2024-10-29 00:00:00,,7.399999999999999,0.0,7.399999999999999,4.6083333333333325,1.2833333333333334,1.5083333333333333,0.11666666666666667,44,119,44,15.45,12,,,,9,,,85.58,
2024-10-30 00:00:00,,8.05,0.0,8.05,4.825,1.2083333333333333,2.0166666666666666,0.11666666666666667,41,135,41,15.61,14,,104,,27,,18,75.68,
2024-10-31 00:00:00,,7.591666666666667,0.0,7.591666666666665,4.608333333333333,0.8250000000000001,2.158333333333333,0.09999999999999999,45,145,45,15.46,14,,106.5,,22,,,97.46,
2024-11-01 00:00:00,,0.0,0.0,6.3820435130596165,0.0,0.0,0.0,0.0,48.31,159,48.31,15.66,16,,,,40,,31,77.98,
2024-11-02 00:00:00,,7.95,0.0,7.95,4.616666666666667,1.225,2.1083333333333334,0.24999999999999997,46,176,46,15.92,13,,120.5,,75,,32,61.41,
2024-11-03 00:00:00,,8.141666666666667,0.0,8.141666666666667,6.250000000000001,0.6,1.2916666666666665,0.21666666666666667,47,139,47,15.65,15,,,,19,,32,89.2,
2024-11-04 00:00:00,,6.4833333333333325,0.0,6.4833333333333325,4.074999999999999,1.2583333333333333,1.15,0.13333333333333333,45,149,45,15.78,11,,88.5,,13,,,87.59,
2024-11-05 00:00:00,,6.833333333333334,0.0,6.833333333333332,4.500000000000001,0.8416666666666667,1.4916666666666667,0.1,42,136,42,15.52,17,,,,18,,3,93.84,
2024-11-06 00:00:00,,7.708333333333334,0.0,7.708333333333333,5.183333333333334,1.1166666666666667,1.4083333333333334,0.11666666666666665,42,133,42,15.33,14,,89,,27,,,83.9,
2024-11-07 00:00:00,,7.166666666666666,0.0,7.166666666666667,4.516666666666667,0.9833333333333333,1.6666666666666665,0.20833333333333334,44,141,44,15.6,14,,92.5,,20,,53,74.08,
2024-11-08 00:00:00,,6.683333333333334,0.0,6.683333333333331,3.8583333333333334,1.4416666666666669,1.3833333333333333,0.8416666666666668,46,130,46,17.7,11,,84,,27,,,69.82,
2024-11-09 00:00:00,,9.208333333333332,0.0,9.208333333333334,5.8,1.2416666666666667,2.1666666666666665,0.32499999999999996,43,152,43,14.83,16,,93,,42,,180,89.54,
2024-11-10 00:00:00,,0.0,0.0,9.720231408046352,0.0,0.0,0.0,0.0,49,136,49,17,10,,96,,22,,41,87.42,
2024-11-11 00:00:00,,7.183333333333334,0.0,7.183333333333333,4.441666666666667,1.0833333333333333,1.6583333333333334,0.1,40,128,40,14.86,14,,,,14,,16,65.44,
2024-11-12 00:00:00,,7.066666666666666,0.0,7.066666666666666,4.091666666666666,1.2,1.7750000000000001,0.15,44,136,44,15.51,13,,75,,9,,,81.8,
2024-11-13 00:00:00,,7.458333333333333,0.0,7.458333333333334,4.658333333333333,1.175,1.6250000000000002,0.3,42,155,42,15.58,15,,100,,22,,,66.03,
2024-11-14 00:00:00,,6.95,0.0,6.949999999999999,4.625,0.8666666666666667,1.4583333333333333,0.35,46,140,46,15.46,11,,123,,13,,9,97.02,
2024-11-15 00:00:00,,7.050000000000001,0.0,7.05,5.066666666666667,0.9,1.0833333333333335,0.19166666666666665,55,132,55,14.95,7,,103,,21,,,64.83,
2024-11-16 00:00:00,,4.083333333333334,0.0,4.083333333333334,2.9083333333333337,0.7916666666666666,0.3833333333333333,0.175,56,176,56,17.25,12,,125,,68,,17,37.96,
2024-11-17 00:00:00,,7.816666666666666,0.0,7.8166666666666655,5.183333333333334,0.8916666666666666,1.7416666666666667,0.3833333333333333,43,173,43,14.92,14,,93,,17,,44,69.11,
2024-11-18 00:00:00,,4.633333333333334,0.0,4.633333333333333,2.5250000000000004,1.1583333333333334,0.95,0.04166666666666667,48,101,48,15.95,7,,,,13,,,85.08,
2024-11-19 00:00:00,,7.591666666666667,0.0,7.591666666666666,4.858333333333333,0.9333333333333335,1.7999999999999998,0.175,44,142,44,16.13,18,,66.5,,20,,,84.8,
2024-11-20 00:00:00,,7.3583333333333325,0.0,7.358333333333334,4.3166666666666655,1.0916666666666668,1.95,0.19166666666666668,44,113,44,15.96,13,,,,17,,17,84.89,
2024-11-21 00:00:00,,7.05,0.0,7.05,3.933333333333333,1.175,1.9416666666666664,0.10833333333333334,42,168,42,15.24,13,,108,,29,,2,60.95,
2024-11-22 00:00:00,,2.475,2.475,2.475,0.0,0.0,0.0,0.05,47,175,47,16.03,14,,93,,66,,55,69.2,
2024-11-23 00:00:00,,6.999999999999999,0.0,6.999999999999999,4.85,0.5666666666666667,1.5833333333333333,0.19166666666666665,47,177,47,15.54,16,,113.5,,101,,124,73.31,
2024-11-24 00:00:00,,4.283333333333334,0.0,4.283333333333333,2.8000000000000007,0.7749999999999999,0.7083333333333334,0.10833333333333334,47.79,190,47.79,15.14,13,,112,,37,,15,80.87,
2024-11-25 00:00:00,,0.0,0.0,7.541062831944889,0.0,0.0,0.0,0.0,45,157,45,20.2,15,,86,,23,,,97.26,
2024-11-26 00:00:00,,7.133333333333334,0.0,7.133333333333334,4.65,0.9666666666666667,1.5166666666666668,0.11666666666666665,45,128,45,15.5,16,,,,28,,14,76.29,
2024-11-27 00:00:00,,7.066666666666666,0.0,7.0666666666666655,4.841666666666667,0.7000000000000001,1.525,0.40833333333333327,45,134,45,15.9,8,,98.5,,14,,9,91.1,
2024-11-28 00:00:00,,6.391666666666666,0.0,6.391666666666667,3.8166666666666664,1.1333333333333333,1.4416666666666667,0.3416666666666666,46,151,46,16.46,16,,124,,110,,165,74.85,
2024-11-29 00:00:00,,6.591666666666665,0.0,6.591666666666666,4.358333333333332,1.0416666666666667,1.1916666666666667,0.8000000000000002,40,79,40,15.69,13,,,,54,,,72.8,
2024-11-30 00:00:00,,,,,,,,,44,174,44,,8,,82.5,,81,,8,66.91,
2024-12-01 00:00:00,,8.133333333333333,0.0,8.133333333333333,5.683333333333332,0.825,1.625,0.43333333333333335,42,160,42,15.52,10,,,,125,,114,141.18,
2024-12-02 00:00:00,,0.0,0.0,7.466240193876955,0.0,0.0,0.0,0.0,46,150,46,16.39,13,,106,,46,,16,67.49,
2024-12-03 00:00:00,,8.108333333333334,0.0,8.108333333333334,5.283333333333333,0.8083333333333333,2.0166666666666666,0.21666666666666667,44,104,44,15.34,16,,,,17,,,96.91,
2024-12-04 00:00:00,,7.074999999999999,0.0,7.075,4.633333333333333,0.5833333333333334,1.8583333333333334,0.175,47,106,47,15.43,14,,88,,19,,1,81.5,
2024-12-05 00:00:00,,7.925,0.0,7.924999999999999,5.166666666666666,0.95,1.8083333333333336,0.09999999999999999,40,155,40,15.51,14,,88.5,,41,,13,91.04,
2024-12-06 00:00:00,,7.175000000000001,0.0,7.175000000000001,4.233333333333333,0.95,1.991666666666667,0.05,42,147,42,15.24,13,,,,7,,83,99.47,
2024-12-07 00:00:00,,8.791666666666668,0.0,8.791666666666666,5.283333333333334,0.9416666666666667,2.5666666666666673,0.075,46,191,46,15.08,14,,106.5,,56,,44,78.68,
2024-12-08 00:00:00,,9.533333333333333,0.0,9.533333333333335,7.058333333333334,0.39166666666666666,2.0833333333333335,0.04166666666666667,45,104,45,14.24,11,,,,18,,,131.45,
2024-12-09 00:00:00,,8.8,0.0,8.8,5.925000000000001,0.9833333333333334,1.8916666666666668,0.14166666666666666,44,153,44,14.51,12,,96,,25,,46,115.42,
2024-12-10 00:00:00,,8.483333333333334,0.0,8.483333333333333,5.250000000000001,1.2333333333333334,2.0,0.03333333333333333,44,115,44,13.93,13,,94,,19,,40,69.57,
2024-12-11 00:00:00,,8.825,0.0,8.825,5.35,1.0666666666666667,2.408333333333333,0.0,46,139,46,14.8,8,,102.5,,23,,,71.18,
2024-12-12 00:00:00,,8.666666666666666,0.0,8.666666666666666,5.874999999999999,1.05,1.7416666666666667,0.09166666666666667,45,133,45,14.07,9,,89,,11,,3,67.87,
2024-12-13 00:00:00,,8.200000000000001,0.0,8.2,5.816666666666667,0.35833333333333334,2.025,0.08333333333333334,41,150,41,14.12,14,,,,24,,5,107.98,
2024-12-14 00:00:00,,,,,,,,,57,198,57,,14,,110,,51,,4,94.85,
2024-12-15 00:00:00,,7.825000000000001,0.0,7.825000000000001,4.816666666666667,1.2666666666666666,1.7416666666666667,0.21666666666666667,48,143,48,14.38,13,,90,,31,,,79.04,
2024-12-16 00:00:00,,8.616666666666667,0.0,8.616666666666667,5.983333333333333,0.7999999999999999,1.8333333333333335,0.058333333333333334,49,133,49,15.28,9,,94.5,,16,,25,67.65,
2024-12-17 00:00:00,,9.1,0.0,9.099999999999998,5.991666666666667,0.8500000000000001,2.2583333333333333,0.13333333333333333,48,177,48,14.81,14,,116,,59,,13,80.36,
2024-12-18 00:00:00,,9.333333333333332,0.0,9.333333333333334,6.191666666666666,0.7999999999999999,2.341666666666667,0.3166666666666667,48,147,48,14.27,11,,101,,29,,,72.15,
2024-12-19 00:00:00,,8.26666666666667,0.0,8.266666666666667,5.866666666666668,0.6333333333333333,1.7666666666666666,0.20833333333333331,48,135,48,15.05,11,,,,22,,59,78.1,
2024-12-20 00:00:00,,8.825,0.0,8.825,5.841666666666666,0.8666666666666667,2.1166666666666663,0.12499999999999999,45,151,45,15.37,13,,116.5,,34,,13,87.82,
2024-12-21 00:00:00,,,,,,,,,50,179,50,15.78,12,,66,,40,,8,71.13,
2024-12-22 00:00:00,,10.433333333333334,0.0,10.433333333333334,7.666666666666667,0.2333333333333333,2.533333333333333,0.2833333333333333,43,110,43,14.9,12,,92,,3,,,93.79,
2024-12-23 00:00:00,,9.258333333333333,0.0,9.258333333333333,7.291666666666666,0.7416666666666667,1.225,0.3166666666666667,48,140,48,16.23,13,,,,60,,15,102.12,
2024-12-24 00:00:00,,,,,,,,,46,143,46,20,16,,106,,35,,36,70.8,
2024-12-25 00:00:00,,7.050000000000001,0.0,7.050000000000001,4.441666666666667,0.9166666666666667,1.6916666666666667,0.3416666666666667,44.89,111,44.89,14.8,15,,110,,4,,,86.79,
2024-12-26 00:00:00,,7.1416666666666675,0.0,7.1416666666666675,4.558333333333334,0.9916666666666668,1.5916666666666666,0.8416666666666667,48,134,48,14.29,12,,98,,8,,,90.42,
2024-12-27 00:00:00,,6.083333333333334,0.0,6.083333333333333,4.133333333333334,0.7833333333333333,1.1666666666666667,0.7500000000000001,48,166,48,13.76,17,,138,,19,,,90.26,
2024-12-28 00:00:00,,7.691666666666667,0.0,7.6916666666666655,5.333333333333334,0.5916666666666667,1.7666666666666666,0.5166666666666666,,,,13.93,7,,,,26,,,,
2024-12-29 00:00:00,,,,,,,,,,,,,,,,,,,,,
2024-12-30 00:00:00,,,,,,,,,,,,,,,,,,,,,
2024-12-31 00:00:00,,,,,,,,,,,,,,,,,,,,,
2025-01-01 00:00:00,,,,,,,,,45.7,53,45.7,13.2,,,,,,,,93.42,
2025-01-02 00:00:00,,10.225,0.0,10.225,6.966666666666667,0.975,2.283333333333333,0.8333333333333334,42,113,42,13.6,11,,88,,100,,60,91.21,
2025-01-03 00:00:00,,8.366666666666669,0.0,8.366666666666667,5.5083333333333355,0.875,1.9833333333333334,0.375,43,157,43,12.98,9,,99,,23,,79,87.05,
2025-01-04 00:00:00,,9.375,0.0,9.375,6.625,1.0750000000000002,1.675,0.26666666666666666,46,117,46,13.88,13,,84,,4,,81,103.2,
2025-01-05 00:00:00,,8.791666666666668,0.0,8.791666666666668,6.141666666666667,0.5416666666666667,2.1083333333333334,0.31666666666666665,44,137,44,13.74,14,,92,,43,,60,72.67,
2025-01-06 00:00:00,,6.883333333333333,0.0,6.883333333333334,4.933333333333334,0.8833333333333333,1.0666666666666667,1.575,44,107,44,15.31,13,,,,10,,77,75.66,
2025-01-07 00:00:00,,8.100000000000001,0.0,8.1,5.441666666666667,0.8500000000000001,1.8083333333333333,0.125,45,131,45,13.84,11,,105,,19,,3,94.66,
2025-01-08 00:00:00,,8.433333333333334,0.0,8.433333333333334,5.383333333333333,0.9166666666666667,2.1333333333333333,0.8500000000000001,47,150,47,14.76,11,,102,,23,,3,68.05,
2025-01-09 00:00:00,,8.15,0.0,8.15,5.775,0.925,1.45,0.26666666666666666,49,80,49,14.7,14,,76,,27,,,125.39,
2025-01-10 00:00:00,,7.9750000000000005,0.0,7.9750000000000005,6.050000000000001,0.5666666666666668,1.3583333333333334,0.1,,,,15.21,13,,,,118,,,,
2025-01-11 00:00:00,,8.1,0.0,8.1,5.608333333333333,0.8499999999999999,1.6416666666666666,0.29166666666666663,48,130,48,14.78,13,,101.5,,60,,29,82.33,
2025-01-12 00:00:00,,7.758333333333335,0.0,7.758333333333332,5.616666666666667,0.9166666666666666,1.225,0.6083333333333335,50,149,50,14.63,9,,,,14,,66,84.08,
2025-01-13 00:00:00,,6.441666666666666,0.0,6.441666666666666,3.95,1.275,1.2166666666666668,0.24166666666666667,48,139,48,14.58,15,,81,,39,,34,85.31,
2025-01-14 00:00:00,,8.041666666666666,0.0,8.041666666666666,5.383333333333333,0.8916666666666667,1.7666666666666666,0.6583333333333333,47,179,47,14.29,8,,,,39,,23,65.32,
2025-01-15 00:00:00,,,,,,,,,48,144,48,14.73,16,,77,,22,,,79.76,
2025-01-16 00:00:00,,7.749999999999998,0.0,7.75,5.116666666666665,0.7833333333333333,1.85,0.25833333333333336,44,114,44,13.99,13,,,,36,,20,98.64,
2025-01-17 00:00:00,,7.250000000000001,0.0,7.25,4.666666666666667,0.5083333333333333,2.075,0.175,,,,14.38,14,,,,23,,,,
2025-01-18 00:00:00,,7.199999999999999,0.0,7.2,4.675,1.1583333333333332,1.3666666666666667,0.47500000000000003,114,191,114,14.71,15,,,,73,,,,
2025-01-19 00:00:00,,,,,,,,,47,66,47,15.12,4,,,,13,,,114.19,
2025-01-20 00:00:00,,7.258333333333333,0.0,7.258333333333334,5.358333333333333,0.5333333333333333,1.3666666666666667,0.20833333333333331,45,198,45,14.24,17,,111,,156,,16,72.91,
2025-01-21 00:00:00,,7.950000000000001,0.0,7.950000000000001,5.1833333333333345,1.1,1.6666666666666665,0.25833333333333336,46,112,46,14.57,11,,,,19,,,90.83,
2025-01-22 00:00:00,,6.616666666666665,0.0,6.616666666666667,4.158333333333332,0.8666666666666667,1.5916666666666668,0.5416666666666666,44,124,44,14.93,13,,96,,26,,,80.89,
2025-01-23 00:00:00,,7.491666666666667,0.0,7.491666666666667,4.408333333333333,1.3416666666666668,1.7416666666666667,0.15833333333333333,44,122,44,15.08,9,,,,18,,17,83.32,
2025-01-24 00:00:00,,7.583333333333333,0.0,7.583333333333334,4.691666666666666,1.0916666666666668,1.7999999999999998,0.125,45,159,45,14.81,15,,79,,16,,,88.61,
2025-01-25 00:00:00,,10.558333333333334,0.0,10.558333333333334,6.166666666666667,1.375,3.0166666666666666,0.11666666666666667,47,185,47,14.58,15,,124,,57,,4,76.24,
2025-01-26 00:00:00,,9.133333333333333,0.0,9.133333333333333,6.383333333333334,1.0916666666666666,1.6583333333333332,0.3833333333333333,50,144,50,14.49,3,,108,,8,,,65.72,
2025-01-27 00:00:00,,5.391666666666667,0.0,5.391666666666667,4.091666666666667,0.5,0.7999999999999999,0.14166666666666666,42,139,42,15.22,14,,91,,28,,17,64.77,
2025-01-28 00:00:00,,8.208333333333332,0.0,8.208333333333332,5.308333333333333,1.0916666666666666,1.8083333333333333,0.24166666666666664,48,179,48,14.54,10,,,,90,,27,54.02,
2025-01-29 00:00:00,,7.1416666666666675,0.0,7.141666666666667,4.608333333333334,0.95,1.5833333333333333,0.16666666666666666,47,146,47,14.96,13,,74,,53,,,86.34,
2025-01-30 00:00:00,,8.05,0.0,8.05,5.125,0.9166666666666667,2.0083333333333333,0.20833333333333331,41,130,41,15.58,15,,71.5,,34,,32,76.14,
2025-01-31 00:00:00,,7.4,0.0,7.3999999999999995,4.341666666666667,1.1583333333333332,1.9000000000000001,0.18333333333333332,43,141,43,14.73,12,,95,,20,,12,78.52,
2025-02-01 00:00:00,,5.733333333333333,0.0,5.733333333333333,3.5583333333333336,1.1916666666666667,0.9833333333333334,0.4,48,193,48,16,16,,125,,40,,1,83.92,
2025-02-02 00:00:00,,8.225,0.0,8.225,5.808333333333334,0.9416666666666665,1.475,0.175,47,135,47,14.48,14,,104,,12,,2,85.89,
2025-02-03 00:00:00,,4.925,0.0,4.925,2.9416666666666664,0.8416666666666668,1.1416666666666666,0.05,46,167,46,14.77,15,,93.5,,153,,10,105.87,
2025-02-04 00:00:00,,6.8999999999999995,0.0,6.8999999999999995,4.916666666666666,0.825,1.1583333333333334,0.10833333333333334,47,192,47,14.92,14,,,,91,,2,66.68,
2025-02-05 00:00:00,,7.0,0.0,7.0,4.3,0.9083333333333333,1.7916666666666665,0.16666666666666669,48,87,48,14.69,6,,,,5,,,129.06,
2025-02-06 00:00:00,,7.4333333333333345,0.0,7.433333333333334,4.525000000000001,0.9583333333333333,1.95,0.175,46,192,46,15.12,13,,119,,87,,92,73.55,
2025-02-07 00:00:00,,7.133333333333334,0.0,7.133333333333333,4.591666666666667,0.9166666666666666,1.6249999999999998,0.20833333333333331,44,134,44,15.27,11,,88,,17,,,69.55,
2025-02-08 00:00:00,,6.758333333333334,0.0,6.758333333333333,4.191666666666666,0.7750000000000001,1.7916666666666667,0.06666666666666667,48,178,48,15.85,13,,151.5,,30,,15,89.69,
2025-02-09 00:00:00,,9.291666666666668,0.0,9.291666666666666,5.766666666666667,1.0083333333333333,2.5166666666666666,0.06666666666666667,47,155,47,15.02,12,,99,,36,,,86.57,
2025-02-10 00:00:00,,6.925000000000001,0.0,6.924999999999999,4.408333333333333,1.0833333333333335,1.4333333333333333,0.175,45,91,45,15.87,9,,,,8,,,82.85,
2025-02-11 00:00:00,,8.3,0.0,8.299999999999999,5.491666666666666,0.5916666666666667,2.216666666666667,0.15,43,191,43,15.34,14,,83,,94,,14,86.26,
2025-02-12 00:00:00,,6.925,0.0,6.925,4.658333333333333,0.9666666666666666,1.3,0.23333333333333334,43,91,43,15.19,9,,,,7,,,73.41,
2025-02-13 00:00:00,,6.6,0.0,6.6,3.833333333333333,1.1166666666666667,1.65,0.06666666666666667,44,130,44,15.18,15,,99,,19,,24,83.86,
2025-02-14 00:00:00,,6.825,0.0,6.825,4.325,0.6416666666666666,1.8583333333333334,0.45,42,136,42,15.4,15,,99.5,,21,,24,70.86,
2025-02-15 00:00:00,,7.225,0.0,7.225,4.458333333333333,1.3166666666666667,1.45,0.06666666666666667,45.96,192,45.96,14.53,14,,96,,107,,43,98.67,
2025-02-16 00:00:00,,,,,,,,,41,142,41,,10,,122,,15,,19,74.2,
2025-02-17 00:00:00,,6.216666666666665,0.0,6.216666666666667,4.799999999999999,0.31666666666666665,1.1,0.5083333333333334,43,114,43,14.97,13,,,,25,,2,83.97,
2025-02-18 00:00:00,,8.3,0.0,8.3,5.2250000000000005,0.925,2.15,0.09166666666666667,48,139,48,14.66,13,,110.5,,17,,11,77.72,
2025-02-19 00:00:00,,8.508333333333333,0.0,8.508333333333333,5.699999999999999,0.55,2.2583333333333333,0.11666666666666667,44,190,44,15.22,15,,113,,41,,11,78.73,
2025-02-20 00:00:00,,6.766666666666668,0.0,6.766666666666667,4.900000000000001,0.6333333333333333,1.2333333333333334,0.2916666666666667,42,137,42,14.43,10,,93.5,,25,,6,79.82,
2025-02-21 00:00:00,,,,,,,,,47,150,47,,16,,96,,18,,1,74.39,
2025-02-22 00:00:00,,8.358333333333334,0.0,8.358333333333334,5.408333333333334,0.7333333333333333,2.2166666666666663,0.041666666666666664,42,182,42,15.7,14,,117.5,,37,,64,67.13,
2025-02-23 00:00:00,,8.875,0.0,8.874999999999998,6.025,1.0666666666666667,1.7833333333333332,0.175,47,132,47,15.32,11,,82.5,,9,,,93.42,
2025-02-24 00:00:00,,6.65,0.0,6.649999999999999,4.316666666666666,1.0500000000000003,1.2833333333333332,0.13333333333333333,46,120,46,15.56,14,,,,25,,,93.59,
2025-02-25 00:00:00,,6.841666666666667,0.0,6.841666666666667,4.041666666666667,1.1916666666666667,1.6083333333333334,0.025,47,187,47,16.06,15,,71,,80,,55,76.02,
2025-02-26 00:00:00,,7.158333333333332,0.0,7.158333333333334,4.883333333333332,0.6666666666666666,1.6083333333333334,0.14166666666666666,45,106,45,15.78,15,,,,16,,,66.66,
2025-02-27 00:00:00,,6.758333333333334,0.0,6.758333333333334,3.916666666666667,0.9083333333333334,1.9333333333333333,0.14166666666666666,46,151,46,15.3,16,,103,,22,,16,108.34,
2025-02-28 00:00:00,,8.966666666666665,0.0,8.966666666666667,5.641666666666666,1.05,2.2750000000000004,0.08333333333333334,48,107,48,15.29,5,,89,,11,,,94.16,
2025-03-01 00:00:00,,8.483333333333334,0.0,8.483333333333334,5.316666666666666,0.9166666666666667,2.25,0.18333333333333332,44,196,44,14.98,11,,108,,20,,29,71.27,
2025-03-02 00:00:00,,8.316666666666666,0.0,8.316666666666666,5.791666666666667,0.5333333333333333,1.9916666666666667,0.19999999999999998,46,109,46,15.17,12,,73,,8,,,73.59,
2025-03-03 00:00:00,,7.091666666666666,0.0,7.091666666666667,5.216666666666666,0.7666666666666666,1.1083333333333334,0.05,44,132,44,15.33,10,,100,,10,,,87.26,
2025-03-04 00:00:00,,8.241666666666667,0.0,8.241666666666667,5.141666666666667,0.8166666666666668,2.283333333333333,0.09999999999999999,45,106,45,15.12,13,,,,11,,,71.09,
2025-03-05 00:00:00,,,,,,,,,46,149,46,,12,,79,,13,,124,104.02,
2025-03-06 00:00:00,,8.508333333333333,0.0,8.508333333333333,5.616666666666665,0.875,2.0166666666666666,0.22499999999999998,44,136,44,15.39,11,,,,10,,112,73.5,
2025-03-07 00:00:00,,7.95,0.0,7.949999999999999,5.091666666666667,0.8749999999999999,1.9833333333333334,0.10833333333333334,43,154,43,15.9,9,,109,,30,,3,122.95,
2025-03-08 00:00:00,,8.075,0.0,8.075,5.549999999999999,0.8,1.725,0.42500000000000004,44,177,44,15.81,13,,107.5,,32,,23,85.18,
2025-03-09 00:00:00,,9.033333333333333,0.0,9.033333333333333,6.55,0.7833333333333334,1.7,0.09166666666666666,44,135,44,15.7,5,,,,30,,11,92.83,
2025-03-10 00:00:00,,6.375,0.0,6.375000000000001,4.675000000000001,0.6916666666666667,1.0083333333333333,0.3916666666666666,43.86,144,43.86,15.55,15,,92,,15,,,66.08,
2025-03-11 00:00:00,,8.691666666666666,0.0,8.691666666666668,5.308333333333334,0.9416666666666667,2.441666666666667,0.08333333333333333,42,192,42,15.28,13,,,,83,,5,69.36,
2025-03-12 00:00:00,,6.583333333333333,0.0,6.583333333333334,4.616666666666666,0.9333333333333333,1.0333333333333332,0.24166666666666664,42,189,42,15.42,15,,86.5,,93,,90,70.07,
2025-03-13 00:00:00,,6.533333333333332,0.0,6.533333333333333,4.699999999999999,0.5166666666666667,1.3166666666666667,0.2916666666666667,43,152,43,15.74,15,,104.5,,33,,,95.33,
2025-03-14 00:00:00,,6.633333333333333,0.0,6.633333333333333,4.033333333333333,1.1249999999999998,1.475,0.075,43,112,43,15.74,10,,,,33,,,69.84,
2025-03-15 00:00:00,,9.366666666666667,0.0,9.366666666666667,6.766666666666667,0.6333333333333333,1.9666666666666668,0.26666666666666666,43,196,43,15.03,12,,122,,98,,39,103.51,
2025-03-16 00:00:00,,6.3916666666666675,0.0,6.391666666666667,4.633333333333334,0.6083333333333334,1.15,0.075,44,142,44,15.35,15,,,,17,,15,76.53,
2025-03-17 00:00:00,,,,,,,,,50,59.04,50,,13,,,,19,,,104.59,
2025-03-18 00:00:00,,8.683333333333332,0.0,8.683333333333334,5.791666666666665,0.75,2.1416666666666666,0.08333333333333333,43,187,43,15.31,15,,94.5,,74,,,83.87,
2025-03-19 00:00:00,,6.933333333333333,0.0,6.933333333333334,4.816666666666666,0.85,1.2666666666666666,0.18333333333333332,44,110,44,15.49,16,,,,15,,,100.17,
2025-03-20 00:00:00,,6.933333333333334,0.0,6.933333333333334,4.541666666666667,0.95,1.4416666666666667,0.08333333333333333,43,111,43,15.42,7,,70.5,,4,,,75,
2025-03-21 00:00:00,,9.816666666666666,0.0,9.816666666666665,6.2749999999999995,0.9666666666666667,2.5749999999999993,0.5583333333333332,44,136,44,15.24,10,,111,,12,,6,83.58,
2025-03-22 00:00:00,,6.7333333333333325,0.0,6.733333333333333,4.308333333333333,0.6333333333333333,1.7916666666666665,0.29166666666666663,44,183,44,15.36,14,,121.5,,106,,34,72.98,
2025-03-23 00:00:00,,,,,,,,,51,160,51,18,18,,114.5,,43,,9,56.58,
2025-03-24 00:00:00,,6.8083333333333345,0.0,6.808333333333333,4.875000000000001,0.75,1.1833333333333333,0.3416666666666667,41,96,41,15.68,13,,75.5,,10,,19,87.02,
2025-03-25 00:00:00,,8.825,0.0,8.825000000000001,5.933333333333334,0.7,2.1916666666666664,0.10833333333333334,42,187,42,15.12,13,,59,,79,,156,71.88,
2025-03-26 00:00:00,,6.841666666666667,0.0,6.841666666666667,4.9,0.4083333333333333,1.5333333333333337,0.10833333333333334,44,188,44,15.39,13,,84,,90,,,94.76,
2025-03-27 00:00:00,,6.983333333333333,0.0,6.9833333333333325,5.208333333333334,0.6333333333333333,1.1416666666666668,0.25,43,184,43,15.62,14,,83.5,,74,,31,78.62,
2025-03-28 00:00:00,,7.1916666666666655,0.0,7.191666666666667,4.5249999999999995,0.9916666666666667,1.675,0.34166666666666673,46,129,46,15.94,12,,90,,15,,,79.17,
2025-03-29 00:00:00,,9.241666666666665,0.0,9.241666666666667,5.891666666666666,1.075,2.275,0.175,46,190,46,15.5,12,,126,,67,,30,82.6,
2025-03-30 00:00:00,,8.441666666666668,0.0,8.441666666666668,6.025000000000001,1.0,1.4166666666666665,0.2,44,138,44,16.08,13,,98,,15,,92,87.73,
2025-03-31 00:00:00,,6.333333333333332,0.0,6.333333333333334,4.3999999999999995,0.8166666666666668,1.1166666666666667,0.725,42,127,42,16.04,10,,,,18,,11,72.75,
2025-04-01 00:00:00,,8.841666666666665,0.0,8.841666666666667,5.699999999999998,1.0166666666666666,2.125,0.31666666666666665,42,98,42,15.3,10,,,,5,,,128.41,
2025-04-02 00:00:00,,5.883333333333333,0.0,5.883333333333334,3.85,0.9500000000000001,1.0833333333333335,0.11666666666666667,39,120,39,15.81,15,,89.5,,15,,,65.79,
2025-04-03 00:00:00,,,,,,,,,41,129,41,14.75,15,,,,13,,,98.25,
2025-04-04 00:00:00,,7.833333333333334,0.0,7.833333333333334,4.591666666666667,1.0416666666666667,2.2,0.125,42,154,42,15.02,15,,95.5,,22,,21,88.82,
2025-04-05 00:00:00,,4.766666666666666,0.0,4.766666666666667,3.474999999999999,0.6416666666666666,0.65,0.125,52,180,52,16.88,14,,111,,79,,94,58.62,
2025-04-06 00:00:00,,8.291666666666668,0.0,8.291666666666666,5.775000000000001,0.6250000000000001,1.891666666666667,0.175,47,124,47,15.72,12,,,,18,,3,104.2,
2025-04-07 00:00:00,,6.8,0.0,6.800000000000001,4.475,0.8000000000000002,1.5250000000000001,0.23333333333333334,42,141,42,15.81,15,,104,,31,,27,94.36,
2025-04-08 00:00:00,,8.708333333333334,0.0,8.708333333333334,5.758333333333334,1.1333333333333333,1.8166666666666669,0.24166666666666664,45,94,45,15.03,10,,,,12,,,104.44,
2025-04-09 00:00:00,,7.191666666666667,0.0,7.191666666666666,4.966666666666668,0.5833333333333333,1.6416666666666666,0.38333333333333336,46,133,46,14.75,10,,108,,23,,3,74.51,
2025-04-10 00:00:00,,6.925,0.0,6.925,4.525,0.975,1.4249999999999998,0.24166666666666664,44,101,44,15.57,12,,,,15,,18,88.05,
2025-04-11 00:00:00,,7.508333333333333,0.0,7.508333333333333,4.483333333333333,0.9666666666666667,2.058333333333333,0.05,42,140,42,15.32,14,,90.5,,24,,18,106.47,
2025-04-12 00:00:00,,6.866666666666667,0.0,6.866666666666667,4.566666666666667,0.7666666666666666,1.5333333333333332,0.058333333333333334,46,177,46,14.87,15,,81,,87,,68,99.61,
2025-04-13 00:00:00,,8.866666666666667,0.0,8.866666666666665,6.058333333333334,0.7000000000000001,2.1083333333333334,0.15,41,125,41,14.47,14,,103,,16,,18,81.78,
2025-04-14 00:00:00,,9.741666666666667,0.0,9.741666666666667,6.133333333333335,0.675,2.9333333333333336,0.1,43.68,94,43.68,14.38,9,,,,6,,18,75.65,
2025-04-15 00:00:00,,9.558333333333334,0.0,9.558333333333334,6.358333333333334,0.725,2.475,0.25000000000000006,44,132,44,14.54,12,,106,,47,,,84.08,
2025-04-16 00:00:00,,8.308333333333332,0.0,8.308333333333334,5.916666666666666,0.7999999999999999,1.5916666666666666,0.8500000000000002,44,123,44,14.11,13,,107,,11,,10,80.02,
2025-04-17 00:00:00,,8.933333333333334,0.0,8.933333333333335,6.333333333333334,0.7416666666666667,1.8583333333333332,0.3166666666666667,41,108,41,14.62,10,,78,,18,,4,80.32,
2025-04-18 00:00:00,,9.366666666666667,0.0,9.366666666666667,6.325000000000001,0.9666666666666666,2.0749999999999997,0.46666666666666673,42,141,42,14.75,11,,110,,11,,4,89.81,
2025-04-19 00:00:00,,4.7749999999999995,0.0,4.7749999999999995,3.5,0.6333333333333333,0.6416666666666666,0.16666666666666666,50,178,50,15.94,16,,137.5,,43,,57,68.06,
2025-04-20 00:00:00,,7.7250000000000005,0.0,7.7250000000000005,5.450000000000001,0.47500000000000003,1.8,0.09999999999999999,42,150,42,15.72,8,,109.5,,9,,,83.74,
2025-04-21 00:00:00,,5.541666666666666,0.0,5.541666666666667,3.9916666666666667,0.6666666666666666,0.8833333333333333,0.06666666666666667,45,128,45,15.41,17,,110,,41,,16,86.42,
2025-04-22 00:00:00,,9.075,0.0,9.075,5.866666666666666,0.9083333333333332,2.3,0.04166666666666667,44,133,44,14.99,11,,86,,4,,13,80.69,
2025-04-23 00:00:00,,6.983333333333333,0.0,6.9833333333333325,4.4750000000000005,1.025,1.4833333333333334,0.15,46.13,126,46.13,15.34,17,,89,,14,,9,74.3,
2025-04-24 00:00:00,,6.958333333333332,0.0,6.958333333333333,4.549999999999999,0.8666666666666666,1.5416666666666665,0.13333333333333333,49,133,49,16.32,5,,,,6,,12,54.7,
2025-04-25 00:00:00,,7.191666666666667,0.0,7.191666666666667,5.000000000000001,0.5249999999999999,1.6666666666666667,0.2916666666666667,45,125,45,15.13,15,,108.5,,10,,21,65.31,
2025-04-26 00:00:00,,8.166666666666668,0.0,8.166666666666668,5.7250000000000005,0.8083333333333332,1.6333333333333333,0.125,40,122,40,14.88,10,,84,,14,,73,92.33,
2025-04-27 00:00:00,,9.041666666666666,0.0,9.041666666666666,5.766666666666667,1.2333333333333334,2.0416666666666665,0.24166666666666664,46,150,46,15,14,,116,,16,,333,71.52,
2025-04-28 00:00:00,,8.566666666666666,0.0,8.566666666666668,5.491666666666666,1.075,2.0,0.10833333333333334,46,147,46,15.21,10,,,,37,,80,64.93,
2025-04-29 00:00:00,,8.383333333333335,0.0,8.383333333333335,5.291666666666668,1.0333333333333334,2.058333333333333,0.25,45,156,45,14.69,14,,93,,19,,115,57.8,
2025-04-30 00:00:00,,7.133333333333334,0.0,7.133333333333333,4.708333333333334,0.7333333333333334,1.6916666666666664,0.1416666666666667,45,115,45,15.03,14,,93,,25,,5,64.08,
2025-05-01 00:00:00,,9.149999999999999,0.0,9.15,5.824999999999999,1.2416666666666665,2.0833333333333335,0.22499999999999998,51.64,105,51.64,14.44,7,,87,,12,,,71.11,
2025-05-02 00:00:00,,9.8,0.0,9.8,6.55,0.7750000000000001,2.475,0.33333333333333337,42,100,42,14.3,14,,80.5,,15,,2,68.92,
2025-05-03 00:00:00,,8.774999999999999,0.0,8.775,5.7333333333333325,1.2333333333333334,1.8083333333333333,0.275,41,130,41,14.01,14,,75,,11,,31,75.76,
2025-05-04 00:00:00,,6.841666666666667,0.0,6.841666666666667,4.825,0.55,1.4666666666666666,0.14166666666666666,48,136,48,14.83,15,,105.5,,19,,48,66.65,
2025-05-05 00:00:00,,6.616666666666667,0.0,6.616666666666667,4.541666666666667,0.8166666666666667,1.2583333333333333,0.20833333333333331,48,120,48,14.72,14,,81,,28,,,72.92,
2025-05-06 00:00:00,,9.108333333333333,0.0,9.108333333333333,6.1499999999999995,0.9166666666666667,2.0416666666666665,0.09166666666666666,42,117,42,14.26,15,,72.5,,11,,108,72.37,
2025-05-07 00:00:00,,7.458333333333334,0.0,7.458333333333335,4.608333333333333,0.9666666666666666,1.8833333333333333,0.09999999999999999,43.29,120,43.29,14.35,16,,71,,12,,35,75.28,
2025-05-08 00:00:00,,6.05,0.0,6.049999999999999,4.091666666666667,0.7416666666666666,1.2166666666666666,0.07500000000000001,43,130,43,14.55,13,,,,8,,,80.23,
2025-05-09 00:00:00,,8.783333333333335,0.0,8.783333333333333,5.7250000000000005,0.8083333333333333,2.25,0.13333333333333333,45,137,45,14.47,12,,95,,19,,23,75.51,
2025-05-10 00:00:00,,9.216666666666669,0.0,9.216666666666669,6.333333333333334,0.7916666666666666,2.091666666666667,0.41666666666666674,45,129,45,14.55,13,,101,,18,,15,80.01,
2025-05-11 00:00:00,,8.533333333333335,0.0,8.533333333333333,5.3916666666666675,1.3,1.8416666666666668,0.1,47,127,47,15.16,13,,117,,16,,,63.69,
2025-05-12 00:00:00,,8.466666666666667,0.0,8.466666666666665,5.75,0.975,1.7416666666666667,0.125,45,115,45,14.08,10,,85,,15,,59,72.79,
2025-05-13 00:00:00,,8.216666666666669,0.0,8.216666666666667,4.833333333333334,0.9166666666666667,2.466666666666667,0.06666666666666668,41,140,41,14.51,11,,75,,10,,,61.94,
2025-05-14 00:00:00,,8.641666666666666,0.0,8.641666666666667,5.625,0.7833333333333333,2.2333333333333334,0.11666666666666667,46,156,46,14.89,14,,134,,24,,124,81.38,
2025-05-15 00:00:00,,8.816666666666668,0.0,8.816666666666665,6.341666666666668,0.8250000000000001,1.65,0.22499999999999998,46,125,46,14.99,10,,87.5,,9,,10,77.65,
2025-05-16 00:00:00,,7.841666666666668,0.0,7.841666666666667,5.216666666666668,0.9833333333333334,1.6416666666666666,0.30833333333333335,46,163,46,15.25,13,,,,31,,58,76.36,
2025-05-17 00:00:00,,6.991666666666665,0.0,6.991666666666666,4.924999999999999,0.7833333333333333,1.2833333333333334,0.15833333333333333,50,196,50,15.92,13,,129.5,,96,,75,60.39,
2025-05-18 00:00:00,,6.625,0.0,6.625,4.466666666666667,0.7583333333333333,1.4,0.05,47,140,47,14.98,17,,122,,50,,385,61.83,
2025-05-19 00:00:00,,8.358333333333334,0.0,8.358333333333333,5.6416666666666675,0.9916666666666667,1.725,0.5166666666666667,46,126,46,15.76,13,,92,,13,,,72.42,
2025-05-20 00:00:00,,7.975,0.0,7.9750000000000005,5.091666666666667,1.1583333333333334,1.725,0.016666666666666666,52,120,52,15.15,14,,,,20,,74,88.33,
2025-05-21 00:00:00,,6.65,0.0,6.6499999999999995,4.433333333333334,0.8083333333333335,1.4083333333333332,0.7416666666666666,43,151,43,15.16,6,,121.5,,16,,140,71.09,
2025-05-22 00:00:00,,8.783333333333333,0.0,8.783333333333333,5.791666666666666,1.0916666666666668,1.9000000000000001,0.14166666666666666,49,155,49,14.66,14,,101.5,,44,,355,94.88,
2025-05-23 00:00:00,,7.991666666666667,0.0,7.991666666666667,5.716666666666668,0.55,1.725,1.3916666666666666,54,142,54,15.25,11,,96,,15,,254,69.53,
2025-05-24 00:00:00,,8.049999999999999,0.0,8.05,5.741666666666665,0.8333333333333334,1.475,0.3166666666666667,51,148,51,14.39,11,,103,,31,,58,77.91,
2025-05-25 00:00:00,,6.283333333333333,0.0,6.283333333333333,4.333333333333333,0.5833333333333333,1.3666666666666667,0.05,50,190,50,14.65,17,,134,,16,,208,67.17,
2025-05-26 00:00:00,,9.433333333333334,0.0,9.433333333333332,6.383333333333334,1.075,1.975,0.4333333333333334,43,136,43,14.6,12,,106.5,,13,,144,75.96,
2025-05-27 00:00:00,,8.5,0.0,8.5,5.424999999999999,1.2416666666666667,1.833333333333333,0.13333333333333333,46,135,46,14.25,14,,115,,31,,140,60.85,
2025-05-28 00:00:00,,8.816666666666666,0.0,8.816666666666666,6.033333333333333,0.675,2.1083333333333334,0.19999999999999998,41,124,41,14.72,15,,80,,31,,131,77.19,
2025-05-29 00:00:00,,6.425000000000001,0.0,6.425000000000001,4.041666666666667,0.9666666666666668,1.4166666666666665,0.6333333333333334,42,96,42,14.73,5,,,,5,,,112.31,
2025-05-30 00:00:00,,,,,,,,,49,153,49,14.7,13,,101,,11,,130.07,90.22,
2025-05-31 00:00:00,,9.091666666666667,0.0,9.091666666666667,6.233333333333333,0.9166666666666667,1.9416666666666667,0.2833333333333333,47,104,47,14.82,15,,91,,16,,8.93,100.43,
2025-06-01 00:00:00,,6.866666666666666,0.0,6.866666666666667,3.8249999999999997,1.4916666666666667,1.5499999999999998,0.058333333333333334,46,138,46,14.33,16,,116,,40,,65,76.21,
2025-06-02 00:00:00,,8.791666666666666,0.0,8.791666666666666,6.091666666666666,0.4666666666666667,2.233333333333333,0.13333333333333333,40,112,40,14.88,15,,79.5,,25,,109,74.7,
2025-06-03 00:00:00,,7.641666666666666,0.0,7.641666666666666,5.533333333333333,0.44166666666666665,1.6666666666666665,0.3666666666666667,43,129,43,14.43,17,,87,,43,,,99.55,
2025-06-04 00:00:00,,7.2749999999999995,0.0,7.275,4.408333333333332,0.9916666666666668,1.875,0.14166666666666666,46,119,46,14.46,16,,,,24,,288.62,54.83,
2025-06-05 00:00:00,,8.866666666666667,0.0,8.866666666666667,5.458333333333334,0.9,2.5083333333333337,0.25833333333333336,44,137,44,14.19,13,,120,,21,,215.38,75.8,
2025-06-06 00:00:00,,8.375,0.0,8.375,5.558333333333334,0.8083333333333333,2.0083333333333333,0.14166666666666666,42,164,42,14.11,11,,128,,68,,99,56.06,
2025-06-07 00:00:00,,8.850000000000001,0.0,8.85,5.933333333333334,0.8999999999999999,2.0166666666666666,0.08333333333333333,46,129,46,14.89,15,,86.5,,25,,39.62,67.2,
2025-06-08 00:00:00,,8.0,0.0,8.0,4.783333333333333,1.0916666666666666,2.125,0.05,48,191,48,14.98,17,,105,,89,,213.51,77.94,
2025-06-09 00:00:00,,9.541666666666664,0.0,9.541666666666668,5.916666666666665,1.2083333333333333,2.416666666666667,0.13333333333333333,44,141,44,14.68,10,,99,,114,,136.87,66.63,
2025-06-10 00:00:00,,8.566666666666666,0.0,8.566666666666666,6.483333333333333,0.65,1.4333333333333336,0.22499999999999998,45,107,45,14.98,14,,91,,16,,35,72.29,
2025-06-11 00:00:00,,8.75,0.0,8.75,5.316666666666667,0.875,2.558333333333333,0.05,43.96,123,43.96,14.93,14,,113,,65,,120,78.03,
2025-06-12 00:00:00,,8.191666666666666,0.0,8.191666666666666,5.633333333333333,0.95,1.6083333333333334,0.24999999999999997,45,143,45,15.52,13,,77.5,,58,,120,69.37,
2025-06-13 00:00:00,,7.825,0.0,7.825000000000001,5.341666666666667,1.1833333333333333,1.3,0.6666666666666666,46,170,46,15.24,16,,109,,24,,5,87.42,
2025-06-14 00:00:00,,8.049999999999999,0.0,8.05,5.449999999999999,0.9833333333333333,1.6166666666666667,0.10833333333333334,49,152,49,15.71,14,,,,22,,56,54.06,
2025-06-15 00:00:00,,8.758333333333333,0.0,8.758333333333333,5.791666666666667,0.9916666666666667,1.975,0.025,44,90,44,14.79,5,,73,,6,,,100.74,
2025-06-16 00:00:00,,7.983333333333333,0.0,7.983333333333334,5.291666666666667,1.05,1.6416666666666666,0.13333333333333333,43,128,43,15.28,13,,91.5,,23,,20,83.81,
2025-06-17 00:00:00,,8.391666666666667,0.0,8.391666666666667,5.6833333333333345,1.0583333333333333,1.65,0.13333333333333333,44,138,44,15.35,11,,,,23,,,96.52,
2025-06-18 00:00:00,,8.166666666666666,0.0,8.166666666666666,6.15,0.6333333333333333,1.3833333333333333,0.16666666666666666,44,150,44,15.75,9,,106,,14,,47,78.32,
2025-06-19 00:00:00,,8.2,0.0,8.200000000000001,5.983333333333333,0.7416666666666667,1.475,0.175,43.42,155,43.42,15.18,12,,98.5,,63,,105,80.67,
2025-06-20 00:00:00,,8.133333333333335,0.0,8.133333333333333,5.650000000000001,0.7833333333333334,1.7000000000000002,0.11666666666666667,61,172,61,15.63,14,,,,51,,14,47.01,
2025-06-21 00:00:00,,8.075000000000001,0.0,8.075000000000003,5.458333333333335,1.075,1.5416666666666665,0.15,43,136,43,16.29,12,,95.75,,7,,136.84,71.25,
2025-06-22 00:00:00,,7.466666666666667,0.0,7.466666666666668,4.991666666666666,0.9333333333333333,1.5416666666666667,0.30000000000000004,57,158,57,16.45,8,,,,8,,17.16,55.53,
2025-06-23 00:00:00,,7.808333333333334,0.0,7.808333333333334,5.266666666666667,0.675,1.8666666666666667,0.14166666666666666,,,,15.08,9,,,,16,,,,
2025-06-24 00:00:00,,7.991666666666666,0.0,7.991666666666666,5.533333333333333,0.7083333333333334,1.75,0.125,53,155,53,15.99,13,,103,,13,,36,73.65,
2025-06-25 00:00:00,,7.416666666666667,0.0,7.416666666666667,5.183333333333334,0.9333333333333333,1.3,0.14166666666666666,46,158,46,15.81,14,,124,,24,,77,62.64,
2025-06-26 00:00:00,,7.541666666666667,0.0,7.541666666666666,4.525,1.5333333333333332,1.4833333333333334,0.08333333333333333,46,144,46,15.76,14,,115.5,,21,,11,78.13,
2025-06-27 00:00:00,,5.591666666666666,0.0,5.591666666666666,5.166666666666666,0.05,0.375,1.791666666666666,45,140,45,17.32,14,,115.5,,12,,,93.82,
2025-06-28 00:00:00,,8.116666666666667,0.0,5.591666666666666,5.891666666666667,0.6,1.6250000000000002,1.1,49,192,49,16.35,10,,93,,16,,,79.82,
2025-06-29 00:00:00,,9.408333333333335,0.0,11.933333333333334,6.575000000000001,1.1416666666666666,1.6916666666666664,0.075,40,139,40,15.65,12,,77,,10,,9.41,91.27,
2025-06-30 00:00:00,,7.941666666666666,0.0,7.941666666666666,5.949999999999999,0.48333333333333334,1.5083333333333333,0.18333333333333332,45,140,45,16.34,13,,113,,20,,92.59,80.92,
2025-07-01 00:00:00,,8.116666666666667,0.0,8.116666666666667,5.825,0.5916666666666667,1.7,0.18333333333333332,45,184,45,15.2,12,,117,,66,,178,88.5,
2025-07-02 00:00:00,,7.750000000000002,0.0,7.750000000000001,4.991666666666668,1.0083333333333335,1.7500000000000002,0.30000000000000004,42,137,42,15.52,14,,103.5,,18,,52,79.17,
2025-07-03 00:00:00,,7.741666666666666,0.0,7.741666666666667,5.275,0.7583333333333333,1.7083333333333333,0.15,45,145,45,15.13,13,,96,,28,,73,87.48,
2025-07-04 00:00:00,,4.541666666666666,0.0,4.541666666666667,3.0500000000000003,0.5916666666666666,0.8999999999999999,0.16666666666666666,51,173,51,16.54,12,,,,15,,,67.69,
2025-07-05 00:00:00,,4.6416666666666675,0.0,4.641666666666667,3.241666666666667,0.7916666666666666,0.6083333333333334,0.2,,,,16.07,15,,,,37,,,,
2025-07-06 00:00:00,,9.558333333333334,0.0,9.558333333333334,6.475,0.7333333333333333,2.35,0.1,45,156,45,14.99,7,,115,,23,,54,96.49,
2025-07-07 00:00:00,,7.416666666666667,0.0,7.416666666666667,4.800000000000001,0.9583333333333334,1.6583333333333332,0.08333333333333333,43,121,43,15.24,13,,100,,22,,50,70.48,
2025-07-08 00:00:00,,8.241666666666667,0.0,8.241666666666665,5.125,1.0583333333333333,2.058333333333333,0.26666666666666666,44,141,44,14.83,13,,90,,23,,73,97.29,
2025-07-09 00:00:00,,7.433333333333334,0.0,7.433333333333334,4.441666666666666,1.2166666666666668,1.775,1.0333333333333332,43,127,43,15.42,16,,109,,24,,12,118.14,
2025-07-10 00:00:00,,7.808333333333333,0.0,7.808333333333333,4.966666666666666,1.1083333333333334,1.7333333333333334,0.03333333333333333,44,134,44,15.02,15,,95.5,,17,,80,82.32,
2025-07-11 00:00:00,,8.291666666666666,0.0,8.291666666666666,5.633333333333333,1.05,1.6083333333333334,0.1,44,127,44,15.14,14,,83.5,,21,,132,65.61,
2025-07-12 00:00:00,,8.350000000000001,0.0,8.349999999999998,5.433333333333334,0.9,2.0166666666666666,0.3583333333333334,42,161,42,15.19,16,,76,,26,,122,100.23,
2025-07-13 00:00:00,,8.808333333333334,0.0,8.808333333333334,5.916666666666667,0.9916666666666667,1.9,0.10833333333333334,44,161,44,14.88,11,,99,,16,,142.53,73.3,
2025-07-14 00:00:00,,8.025,0.0,8.025,5.7,0.7333333333333334,1.5916666666666668,0.08333333333333333,41,121,41,15.1,14,,,,17,,43.47,80.37,
2025-07-15 00:00:00,,7.958333333333334,0.0,7.958333333333335,5.441666666666667,0.8333333333333333,1.6833333333333336,0.37500000000000006,44,117,44,15.21,12,,98,,16,,76.77,96.13,
2025-07-16 00:00:00,,7.999999999999999,0.0,8.0,4.824999999999999,1.2833333333333334,1.8916666666666664,0.15,45,152,45,15.67,11,,114,,91,,153.23,80.44,
2025-07-17 00:00:00,,7.958333333333332,0.0,7.958333333333334,5.5249999999999995,0.975,1.4583333333333335,0.11666666666666667,43.68,137,43.68,15.72,13,,115,,22,,79.66,76.65,
2025-07-18 00:00:00,,7.341666666666665,0.0,7.341666666666667,4.9416666666666655,0.8166666666666667,1.5833333333333335,0.16666666666666666,43,147,43,16.05,13,,71,,31,,63.34,68.23,
2025-07-19 00:00:00,,5.666666666666666,0.0,5.666666666666667,3.8666666666666667,0.5083333333333333,1.2916666666666665,0.19999999999999998,45,160,45,15.51,14,,82,,39,,158,72.12,
2025-07-20 00:00:00,,7.616666666666668,0.0,7.616666666666667,4.9333333333333345,0.6416666666666667,2.041666666666667,0.3416666666666667,44,141,44,15.43,14,,,,21,,32.95,91.74,
2025-07-21 00:00:00,,8.425,0.0,8.425,5.658333333333334,0.8416666666666667,1.925,0.13333333333333333,44,136,44,16.07,12,,93.5,,41,,147.76,86.84,
2025-07-22 00:00:00,,8.025,0.0,8.025,5.075,1.2666666666666668,1.6833333333333333,0.10833333333333332,43,155,43,15.48,14,,71.5,,10,,104.29,69.03,
2025-07-23 00:00:00,,8.625,0.0,8.625,5.091666666666667,1.5416666666666665,1.9916666666666665,0.325,41,134,41,16.09,15,,96,,25,,78.82,96.01,
2025-07-24 00:00:00,,7.949999999999999,0.0,7.949999999999999,5.975,0.5333333333333333,1.4416666666666669,0.13333333333333333,43,139,43,15.33,12,,114.5,,23,,136.18,72.57,
2025-07-25 00:00:00,,7.449999999999999,0.0,7.45,5.35,0.6666666666666666,1.4333333333333331,0.075,45.17,138,45.17,16.53,14,,87,,13,,29,82.21,
2025-07-26 00:00:00,,8.774999999999999,0.0,8.775,5.6499999999999995,0.9916666666666667,2.1333333333333333,0.08333333333333334,44,159,44,15.38,12,,78.5,,13,,185,75.2,
2025-07-27 00:00:00,,8.633333333333333,0.0,8.633333333333333,5.466666666666666,0.9833333333333334,2.183333333333333,0.025,45,142,45,15.51,10,,91,,26,,42,100.23,
2025-07-28 00:00:00,,8.175,0.0,8.175,5.566666666666666,1.025,1.5833333333333333,0.125,42,130,42,15.09,13,,82.5,,26,,54,76.77,
2025-07-29 00:00:00,,8.149999999999999,0.0,8.15,5.516666666666666,1.0166666666666666,1.6166666666666667,0.10833333333333332,41,123,41,15.46,14,,83,,21,,102,68.19,
2025-07-30 00:00:00,,8.258333333333333,0.0,8.258333333333333,5.233333333333333,0.8749999999999999,2.15,0.09166666666666667,42,128,42,14.97,13,,81.5,,23,,38,101.7,
2025-07-31 00:00:00,,8.149999999999999,0.0,8.150000000000002,5.333333333333333,0.8166666666666667,2.0,0.09166666666666667,41,132,41,15.69,16,,86,,23,,43,71.37,
2025-08-01 00:00:00,,8.408333333333333,0.0,8.408333333333333,5.533333333333333,1.0416666666666665,1.8333333333333335,0.016666666666666666,43,127,43,15.08,14,,83,,18,,35,69.74,
2025-08-02 00:00:00,,7.8,0.0,7.8,4.908333333333333,1.1416666666666666,1.75,0.10833333333333334,41,190,41,15.15,14,,105,,52,,68.28,70.53,
2025-08-03 00:00:00,,7.425,0.0,7.425,5.466666666666667,0.3833333333333333,1.575,0.18333333333333335,44,137,44,15.19,13,,91,,66,,92.72,82.06,
2025-08-04 00:00:00,,8.475,0.0,8.475,5.875,0.8083333333333333,1.7916666666666667,0.15833333333333333,41.98,124,41.98,14.94,11,,78,,20,,51,90.78,
2025-08-05 00:00:00,,8.5,0.0,8.5,5.908333333333333,0.8500000000000001,1.7416666666666667,0.008333333333333333,47,161,47,15.02,14,,112,,48,,137.13,85.28,
2025-08-06 00:00:00,,8.35,0.0,8.35,5.433333333333333,0.875,2.041666666666667,0.10833333333333334,45,154,45,14.76,15,,97,,31,,177.45,83.83,
2025-08-07 00:00:00,,7.858333333333332,0.0,7.8583333333333325,4.491666666666665,1.6333333333333333,1.7333333333333334,0.125,45,146,45,15,15,,76,,38,,104.42,79.03,
2025-08-08 00:00:00,,8.25,0.0,8.25,5.458333333333333,1.0083333333333333,1.7833333333333332,0.025,40,146,40,16.05,14,,88,,26,,52,92.03,
2025-08-09 00:00:00,,,,,,,,,47,156,47,,10,,99,,15,,49,60.11,
2025-08-10 00:00:00,,8.466666666666669,0.0,8.466666666666667,5.300000000000001,1.2666666666666666,1.9000000000000004,0.016666666666666666,47,125,47,15.15,12,,90,,68,,118,50.99,
2025-08-11 00:00:00,,8.175,0.0,8.175,5.691666666666667,0.8166666666666667,1.6666666666666667,0.09999999999999999,45,139,45,15.17,15,,91.5,,20,,144,80.68,
2025-08-12 00:00:00,,,,,,,,,54,151,54,,5,,97,,30,,64,113.94,
2025-08-13 00:00:00,,9.125,0.0,0.0,5.425,1.2333333333333334,2.4666666666666663,0.25833333333333336,44,127,44,15.46,11,,80,,44,,52,86.46,
2025-08-14 00:00:00,,9.091666666666667,0.0,0.0,5.7250000000000005,1.1416666666666666,2.225,0.29166666666666663,43,122,43,15.26,15,,75.5,,37,,342.78,73.83,
2025-08-15 00:00:00,,8.675000000000002,0.0,0.0,6.550000000000002,0.3416666666666666,1.7833333333333334,0.5916666666666667,45,113,45,15.08,16,,84,,65,,240.22,84.15,
2025-08-16 00:00:00,,8.558333333333334,0.0,0.0,6.508333333333334,0.43333333333333335,1.6166666666666665,0.4583333333333334,48,111,48,14.45,15,,69,,54,,16,111.3,
2025-08-17 00:00:00,,,,,,,,,55,115,55,,10,,110,,16,,10,65.15,
2025-08-18 00:00:00,,10.9,2.4916666666666667,0.0,5.5,1.275,1.6333333333333333,0.16666666666666666,47,150,47,14.4,12,,101,,22,,130,73.29,
2025-08-19 00:00:00,,7.15,0.0,0.0,5.266666666666667,0.5916666666666667,1.2916666666666667,0.30833333333333335,53,155,53,16.34,12,,108,,38,,216,52.44,
2025-08-20 00:00:00,,3.5250000000000004,0.0,0.0,2.2583333333333333,0.7083333333333333,0.5583333333333333,0.049999999999999996,52,145,52,15.91,15,,89,,55,,252,55.68,
2025-08-21 00:00:00,,8.274999999999999,0.0,0.0,5.166666666666666,0.9416666666666668,2.166666666666667,0.09999999999999999,41.03,113,41.03,14.9,11,,76,,19,,62,68.92,
2025-08-22 00:00:00,,8.208333333333332,0.0,0.0,5.633333333333333,0.7749999999999999,1.7999999999999998,0.22499999999999998,40,136,40,14.74,12,,97.5,,56,,459,84.26,
2025-08-23 00:00:00,,4.725,0.0,0.0,2.85,0.9,0.9750000000000001,0.18333333333333332,47,148,47,16.16,16,,93,,23,,185,93.23,
2025-08-24 00:00:00,,7.1499999999999995,0.0,0.0,4.583333333333333,1.0833333333333335,1.4833333333333334,0.22499999999999998,46,135,46,14.94,16,,113,,73,,91,92.68,
2025-08-25 00:00:00,,7.3999999999999995,0.0,0.0,5.175,0.8,1.425,0.16666666666666666,43,110,43,14.14,8,,,,8,,66,93.64,
2025-08-26 00:00:00,,,,,,,,,51,135,51,,14,,103,,24,,184,69.26,
2025-08-27 00:00:00,,8.416666666666668,0.0,0.0,5.258333333333334,0.7250000000000001,2.433333333333333,0.058333333333333334,43,161,43,14.5,15,,87.5,,37,,279,80.22,
2025-08-28 00:00:00,,8.35,0.0,0.0,5.516666666666667,0.5333333333333333,2.3,0.15000000000000002,45,138,45,15.23,14,,86.5,,27,,127,77.61,
2025-08-29 00:00:00,,4.841666666666667,0.0,0.0,3.4916666666666667,0.425,0.925,0.016666666666666666,47,122,47,14.07,14,,85,,28,,24,71.47,
2025-08-30 00:00:00,,10.200000000000001,0.0,0.0,6.433333333333334,1.3416666666666666,2.4250000000000003,0.32500000000000007,41,178,41,14.19,12,,138,,31,,234,96.2,
2025-08-31 00:00:00,,8.075000000000001,0.0,0.0,6.0,0.5416666666666666,1.5333333333333334,0.14166666666666666,44,113,44,14.02,12,,91,,7,,99,92.51,
2025-09-01 00:00:00,,9.083333333333334,0.0,0.0,5.958333333333334,1.1,2.0250000000000004,0.18333333333333335,44,128,44,14.76,12,,99,,14,,2,80.66,
2025-09-02 00:00:00,,8.5,1.4666666666666666,0.0,4.566666666666666,0.825,1.6416666666666666,0.175,43,124,43,14.84,14,,,,16,,94,87.63,
2025-09-03 00:00:00,,8.191666666666665,0.0,0.0,5.974999999999999,0.26666666666666666,1.95,0.18333333333333335,45,160,45,14.98,14,,91,,22,,263,92.8,
2025-09-04 00:00:00,,9.2,0.0,0.0,6.416666666666667,0.47500000000000003,2.308333333333333,0.2833333333333333,45,142,45,15.06,14,,98,,23,,61,65.42,
2025-09-05 00:00:00,,8.508333333333333,0.0,0.0,5.808333333333333,0.85,1.85,0.24166666666666664,43,117,43,15.32,12,,93.5,,15,,144,72.3,
2025-09-06 00:00:00,,8.924999999999999,0.0,0.0,5.975,0.7666666666666666,2.183333333333333,0.06666666666666667,44,124,44,15.68,14,,92,,37,,272,78.97,
2025-09-07 00:00:00,,8.291666666666668,0.0,0.0,6.333333333333334,0.7083333333333335,1.25,0.3416666666666667,45,177,45,15.81,14,,92.5,,48,,243,89.78,
2025-09-08 00:00:00,,6.725,0.0,0.0,4.591666666666667,0.7166666666666666,1.4166666666666665,0.15833333333333333,46,130,46,15.17,14,,96.5,,39,,,57.69,
2025-09-09 00:00:00,,8.924999999999999,0.0,0.0,5.791666666666666,0.7666666666666668,2.3666666666666667,0.06666666666666667,50,123,50,14.84,15,,93,,19,,67,85.6,
2025-09-10 00:00:00,,8.841666666666667,0.0,0.0,5.875,1.1083333333333332,1.8583333333333334,0.08333333333333333,42,116,42,15.06,12,,74,,11,,57,70.87,
2025-09-11 00:00:00,,8.466666666666665,0.0,0.0,6.199999999999998,0.4916666666666667,1.7750000000000001,0.46666666666666673,44,151,44,14.79,16,,102,,41,,47,77.28,
2025-09-12 00:00:00,,8.933333333333335,0.0,0.0,6.741666666666668,0.6000000000000001,1.5916666666666666,0.34166666666666673,44,140,44,15.21,12,,94,,12,,41,67.05,
2025-09-13 00:00:00,,8.45,0.0,0.0,5.999999999999999,0.6916666666666665,1.7583333333333333,0.10833333333333332,46,137,46,15.17,12,,106,,17,,15,103.87,
2025-09-14 00:00:00,,7.725,0.0,0.0,5.5249999999999995,0.5,1.7,0.09166666666666666,43,146,43,15.28,13,,113,,10,,62,65.62,
2025-09-15 00:00:00,,9.508333333333333,0.0,0.0,6.6083333333333325,1.25,1.6500000000000001,0.24166666666666667,42,127,42,15.55,13,,60,,17,,186,73.46,
2025-09-16 00:00:00,,6.3,0.0,0.0,4.691666666666666,0.8083333333333333,0.7999999999999999,0.22499999999999998,42,134,42,14.51,15,,78,,21,,9,63.01,
2025-09-17 00:00:00,,9.575,0.0,0.0,6.1083333333333325,0.7083333333333333,2.7583333333333333,0.11666666666666667,35,120,35,14.78,14,,79,,13,,31,67.33,
2025-09-18 00:00:00,,9.9,0.0,0.0,6.583333333333334,1.0833333333333333,2.2333333333333334,0.11666666666666667,37,144,37,15.08,8,,103,,45,,41,84.53,
2025-09-19 00:00:00,,8.341666666666667,0.0,0.0,5.591666666666667,0.9666666666666667,1.7833333333333332,0.6916666666666668,41,120,41,14.73,12,,114,,11,,45,75.76,
2025-09-20 00:00:00,,6.958333333333334,0.0,0.0,4.8500000000000005,0.7416666666666667,1.3666666666666667,0.125,45,128,45,14.59,15,,98,,17,,34,62.37,
2025-09-21 00:00:00,,7.35,0.0,0.0,4.816666666666666,1.0166666666666668,1.5166666666666666,0.09166666666666666,45,147,45,14.96,14,,91,,28,,11,73.31,
2025-09-22 00:00:00,,9.475000000000001,0.0,0.0,6.583333333333334,0.75,2.141666666666667,0.2833333333333333,41,134,41,14.43,10,,77,,22,,27,72.1,
2025-09-23 00:00:00,,7.316666666666666,1.2916666666666665,0.0,4.266666666666667,0.7250000000000001,1.0333333333333332,0.35,44,153,44,16,16,,109,,20,,80,67.06,
2025-09-24 00:00:00,,6.475,1.1166666666666665,0.0,3.3916666666666666,0.875,1.0916666666666668,0.275,47,126,47,14.74,14,,94.5,,15,,22,56.19,
2025-09-25 00:00:00,,8.466666666666667,0.0,0.0,5.391666666666667,0.7833333333333334,2.2916666666666665,0.15833333333333335,46,146,46,15.88,14,,99,,32,,101,68.34,
2025-09-26 00:00:00,,9.191666666666666,0.0,0.0,5.741666666666666,1.0833333333333333,2.3666666666666663,0.14166666666666666,45,138,45,14.17,14,,118,,45,,212,66.95,
2025-09-27 00:00:00,,8.791666666666668,0.0,0.0,6.2,1.125,1.4666666666666668,0.425,47,191,47,14.32,13,,130,,80,,241,54.14,
2025-09-28 00:00:00,,9.241666666666667,0.0,0.0,6.558333333333334,0.5499999999999999,2.1333333333333333,0.19999999999999998,47,107,47,14.28,6,,70,,7,,10,89.49,
